username,image,score
,obj734862169836899988.png,-1
,obj734866293005502766.png,-1
,obj734866293005503241.png,-1
,obj734867323797656396.png,-1
,obj734867804833990705.png,-1
,obj734867804833991059.png,-1
,obj734867804833991321.png,-1
,obj734867804833992441.png,-1
,obj734867873553468846.png,-1
,obj734867873553468849.png,-1
,obj734867873553468989.png,-1
,obj734868217150857311.png,-1
,obj734868285870310320.png,-1
,obj734868560748241360.png,-1
,obj734868560748242028.png,-1
,obj734868629467713715.png,-1
,obj734868766906668433.png,-1
,obj734869179223530297.png,-1
,obj734869179223531843.png,-1
,obj734869247942984595.png,-1
,obj734874882940100522.png,-1
,obj734875982451726464.png,-1
,obj734876188610159338.png,-1
,obj734876257329611368.png,-1
,obj734877219402300299.png,-1
,obj735921205692884649.png,-1
,obj735921686729221166.png,-1
,obj735921755448698409.png,-1
,obj735921755448698587.png,-1
,obj735923198557707651.png,-1
,obj735923335996663180.png,-1
,obj735923748313523060.png,-1
,obj735923817032976934.png,-1
,obj735923817032998542.png,-1
,obj735923817033002887.png,-1
,obj735923885752454779.png,-1
,obj735923885752476350.png,-1
,obj735924504227769983.png,-1
,obj735925260142008624.png,-1
,obj735925603739391152.png,-1
,obj735926565812074478.png,-1
,obj735926634531548473.png,-1
,obj735926840689975181.png,-1
,obj735927321726313165.png,-1
,obj735927390445788657.png,-1
,obj735927459165262735.png,-1
,obj735927596604215278.png,-1
,obj735928146360012441.png,-1
,obj735928283798988230.png,-1
,obj735928627396373659.png,-1
,obj735928696115848697.png,-1
,obj735928970993757360.png,-1
,obj735929795627471934.png,-1
,obj735930139224859133.png,-1
,obj735930345383288455.png,-1
,obj735930414102765481.png,-1
,obj735930414102769134.png,-1
,obj735930826419628588.png,-1
,obj735930963858577076.png,-1
,obj735930963858578361.png,-1
,obj735931101297532552.png,-1
,obj735931101297533349.png,-1
,obj735931101297534190.png,-1
,obj735931170017010311.png,-1
,obj735931376175418373.png,-1
,obj735931513614396861.png,-1
,obj735931857211776551.png,-1
,obj735931857211779902.png,-1
,obj735932063370208643.png,-1
,obj735932063370212315.png,-1
,obj735932132089685342.png,-1
,obj735932200809165586.png,-1
,obj735932406967590624.png,-1
,obj735932750564980126.png,-1
,obj735932750564981054.png,-1
,obj735932819284451074.png,-1
,obj735932956723381223.png,-1
,obj735933094162364975.png,-1
,obj735933094162366230.png,-1
,obj735933300320765361.png,-1
,obj735933781357129661.png,-1
,obj735933850076605296.png,-1
,obj735934193673985830.png,-1
,obj735934468551893533.png,-1
,obj735934468551893535.png,-1
,obj735935293185619750.png,-1
,obj735935842941428886.png,-1
,obj735935842941429251.png,-1
,obj735935980380384755.png,-1
,obj735936461416718355.png,-1
,obj735936667575149369.png,-1
,obj735936736294629414.png,-1
,obj735936942453055856.png,-1
,obj735937011172536791.png,-1
,obj735937698367300186.png,-1
,obj735938248123114073.png,-1
,obj735938385562068539.png,-1
,obj735938591720497450.png,-1
,obj735938660439973333.png,-1
,obj735939004037357303.png,-1
,obj735939347634740056.png,-1
,obj735939553793168675.png,-1
,obj735939622512646813.png,-1
,obj735940034829486130.png,-1
,obj735940103548986412.png,-1
,obj735940515865850546.png,-1
,obj735941134341138261.png,-1
,obj735945532387641549.png,-1
,obj735946013423978866.png,-1
,obj735946082143459124.png,-1
,obj735946150862934930.png,-1
,obj735946563179795235.png,-1
,obj735946700618728664.png,-1
,obj735946700618749467.png,-1
,obj735947181655068325.png,-1
,obj735947456532994070.png,-1
,obj735947525252471414.png,-1
,obj735947937569332600.png,-1
,obj735948075008289269.png,-1
,obj735948143727764150.png,-1
,obj735955221833869121.png,-1
,obj737020854759612323.png,-1
,obj737021335795951887.png,-1
,obj737021335795953296.png,-1
,obj737021335795953572.png,-1
,obj737021404515431213.png,-1
,obj737021473234903422.png,-1
,obj737022022990718469.png,-1
,obj737022091710197518.png,-1
,obj737022297868621298.png,-1
,obj737022366588078154.png,-1
,obj737022366588097492.png,-1
,obj737022366588097493.png,-1
,obj737022985063368276.png,-1
,obj737022985063385899.png,-1
,obj737023053782861558.png,-1
,obj737023397380253544.png,-1
,obj737023534819206390.png,-1
,obj737024084575022955.png,-1
,obj737024153294496857.png,-1
,obj737025046647686796.png,-1
,obj737025527684024644.png,-1
,obj737025527684025455.png,-1
,obj737025596403501396.png,-1
,obj737026214878774324.png,-1
,obj737026764634606016.png,-1
,obj737027451829382317.png,-1
,obj737027520548860291.png,-1
,obj737028413902054630.png,-1
,obj737028482621533892.png,-1
,obj737028551341007218.png,-1
,obj737028620060486125.png,-1
,obj737028963657845072.png,-1
,obj737029169816299340.png,-1
,obj737029238535777637.png,-1
,obj737029788291592950.png,-1
,obj737030338047405644.png,-1
,obj737030475486355801.png,-1
,obj737030475486359152.png,-1
,obj737030956522692063.png,-1
,obj737031025242169644.png,-1
,obj737031643717462526.png,-1
,obj737031987314843764.png,-1
,obj737032056034321190.png,-1
,obj737032537070658632.png,-1
,obj737032605790139399.png,-1
,obj737032811948564268.png,-1
,obj737032949387520331.png,-1
,obj737033155545948067.png,-1
,obj737033361704378905.png,-1
,obj737033636582287482.png,-1
,obj737033980179668753.png,-1
,obj737034048899143986.png,-1
,obj737034117618620401.png,-1
,obj737034117618621239.png,-1
,obj737034186338096845.png,-1
,obj737034461216011328.png,-1
,obj737034667374441571.png,-1
,obj737035010971819803.png,-1
,obj737035492008162317.png,-1
,obj737035492008162588.png,-1
,obj737035904325023012.png,-1
,obj737036110483450092.png,-1
,obj737036110483450806.png,-1
,obj737036797678215954.png,-1
,obj737037141275600011.png,-1
,obj737037209995081304.png,-1
,obj737037278714558175.png,-1
,obj737037622311937354.png,-1
,obj737038240787229199.png,-1
,obj737038721823567884.png,-1
,obj737038790543047473.png,-1
,obj737038859262517734.png,-1
,obj737038927981993152.png,-1
,obj737039409018339565.png,-1
,obj737039821335192463.png,-1
,obj737039958774147870.png,-1
,obj737040302371528110.png,-1
,obj737040302371534811.png,-1
,obj737040645968914812.png,-1
,obj737040714688392414.png,-1
,obj737041608041589593.png,-1
,obj737041676761066850.png,-1
,obj737041745480544849.png,-1
,obj737042020358449758.png,-1
,obj737042157797401264.png,-1
,obj737042226516888128.png,-1
,obj737042432675313460.png,-1
,obj737042570114268396.png,-1
,obj737042638833740824.png,-1
,obj737042707553216356.png,-1
,obj737042776272695620.png,-1
,obj737043394747983524.png,-1
,obj737043532186941075.png,-1
,obj737044425540138659.png,-1
,obj737044631698562419.png,-1
,obj737045181454377381.png,-1
,obj737045799929668155.png,-1
,obj737045937368629189.png,-1
,obj737046280966008999.png,-1
,obj737046349685488104.png,-1
,obj737046418404958715.png,-1
,obj737046487124436353.png,-1
,obj737046624563391385.png,-1
,obj737047174319209630.png,-1
,obj737047243038678564.png,-1
,obj737047724075020928.png,-1
,obj737049854378793519.png,-1
,obj737049923098278196.png,-1
,obj737051091329372553.png,-1
,obj737051091329373987.png,-1
,obj737051709804661314.png,-1
,obj737051778524141265.png,-1
,obj737052534438391965.png,-1
,obj737053084194178711.png,-1
,obj737053908827921949.png,-1
,obj737054389864235389.png,-1
,obj738000657058907285.png,-1
,obj738001481692622218.png,-1
,obj738002993521117199.png,-1
,obj738007941323437807.png,-1
,obj738008147481870590.png,-1
,obj738008491079255197.png,-1
,obj738008765957161428.png,-1
,obj738013988637393883.png,-1
,obj738155894356854348.png,-1
,obj738155894356854352.png,-1
,obj738161804231864756.png,-1
,obj738162079109772541.png,-1
,obj738162216548717730.png,-1
,obj738162216548723115.png,-1
,obj738162697585058107.png,-1
,obj738162697585061131.png,-1
,obj738162835024011151.png,-1
,obj738162903743490080.png,-1
,obj738163041182439603.png,-1
,obj738163178621393440.png,-1
,obj738163384779829523.png,-1
,obj738163865816159275.png,-1
,obj738164071974592350.png,-1
,obj738164209413522061.png,-1
,obj738164209413542293.png,-1
,obj738164690449887893.png,-1
,obj738168470021108908.png,-1
,obj738169088496395622.png,-1
,obj738169088496398391.png,-1
,obj738169432093778735.png,-1
,obj738169500813256840.png,-1
,obj738169569532732589.png,-1
,obj738169638252212463.png,-1
,obj738169706971688970.png,-1
,obj738170462885934061.png,-1
,obj738170531605414357.png,-1
,obj738170600324886305.png,-1
,obj738170669044357481.png,-1
,obj738171150080695583.png,-1
,obj738171356239126977.png,-1
,obj738171562397563246.png,-1
,obj738171768555986635.png,-1
,obj738171974714425201.png,-1
,obj738172043433898052.png,-1
,obj738172455750757563.png,-1
,obj738172799348141266.png,-1
,obj738173074226047244.png,-1
,obj738173211665002236.png,-1
,obj738173417823427541.png,-1
,obj738173486542905492.png,-1
,obj738173830140292218.png,-1
,obj738173967579218274.png,-1
,obj738173967579240429.png,-1
,obj738174105018196452.png,-1
,obj738176029163545592.png,-1
,obj738176716358314332.png,-1
,obj738176785077788371.png,-1
,obj738176922516745539.png,-1
,obj738176922516746106.png,-1
,obj738177197394652879.png,-1
,obj738177953308898322.png,-1
,obj738177953308899336.png,-1
,obj738178159467323843.png,-1
,obj738178365625756748.png,-1
,obj738178777942614532.png,-1
,obj738179327698429800.png,-1
,obj738179465137380599.png,-1
,obj738179671295787251.png,-1
,obj738180014893193341.png,-1
,obj738180152332127622.png,-1
,obj738180152332148797.png,-1
,obj738180152332151523.png,-1
,obj738180289771106987.png,-1
,obj738180427210058313.png,-1
,obj738181320563247278.png,-1
,obj738182213916445965.png,-1
,obj738183038550176599.png,-1
,obj738184344220233682.png,-1
,obj738184344220233683.png,-1
,obj738184412939704186.png,-1
,obj738184550378657658.png,-1
,obj738185031415000155.png,-1
,obj738188604827782494.png,-1
,obj739146004577666409.png,-1
,obj739146966650336359.png,-1
,obj739147035369817238.png,-1
,obj739147447686681643.png,-1
,obj739147447686682016.png,-1
,obj739147653845106341.png,-1
,obj739148409759348143.png,-1
,obj739148547198300594.png,-1
,obj739149303112544997.png,-1
,obj739149921587840086.png,-1
,obj739151158538418088.png,-1
,obj739151777013713997.png,-1
,obj739151914452650420.png,-1
,obj739154319634358420.png,-1
,obj739154800670696626.png,-1
,obj739158236644526710.png,-1
,obj739158580241911525.png,-1
,obj739159336156156308.png,-1
,obj739159885911970712.png,-1
,obj739165039872725162.png,-1
,obj739166895298578917.png,-1
,obj739167719932315426.png,-1
,obj739174317002082949.png,-1
,obj739175553952663254.png,-1
,obj739329554300039196.png,-1
,obj739330310214255445.png,-1
,obj739330859970086275.png,-1
,obj739336563686658900.png,-1
,obj739337113442473594.png,-1
,obj739337525759333240.png,-1
,obj740333202257762314.png,-1
,obj740333752013574613.png,-1
,obj740334507927818955.png,-1
,obj740337394145837165.png,-1
,obj740337737743229117.png,-1
,obj740340692680731855.png,-1
,obj740341586033926301.png,-1
,obj740341929631308874.png,-1
,obj740342822984511259.png,-1
,obj740346739994682993.png,-1
,obj740349969810090107.png,-1
,obj740351412919099489.png,-1
,obj740357254074620046.png,-1
,obj740357254074624937.png,-1
,obj740359109500483595.png,-1
,obj740363370108046831.png,-1
,obj740364813217057802.png,-1
,obj741551048824455745.png,-1
,obj741552010897130805.png,-1
,obj741552010897158311.png,-1
,obj741553316567209232.png,-1
,obj741554690956742946.png,-1
,obj741555446870981639.png,-1
,obj741560463392784915.png,-1
,obj741560600831746360.png,-1
,obj741561769062846114.png,-1
,obj741563074732909392.png,-1
,obj741567266620988651.png,-1
,obj741568641010517481.png,-1
,obj741569259485808713.png,-1
,obj741570152839016753.png,-1
,obj741570565155866222.png,-1
,obj742795146231302734.png,-1
,obj742799956594672959.png,-1
,obj742807928053975592.png,-1
,obj742808890126646311.png,-1
,obj742810333235643760.png,-1
,obj751998195994741841.png,-1
,obj751998814470032535.png,-1
,obj752447758811553318.png,-1
,obj753437731593407608.png,-1
,obj753437869032359093.png,-1
,obj753438418788173032.png,-1
,obj753439105982941326.png,-1
,obj753439793177710427.png,-1
,obj753439861897191226.png,-1
,obj753439930616662793.png,-1
,obj753440617811431453.png,-1
,obj753441305006200658.png,-1
,obj753441373725674340.png,-1
,obj753441373725675142.png,-1
,obj753441717323059631.png,-1
,obj753441992200963481.png,-1
,obj753442129639917992.png,-1
,obj753442129639919241.png,-1
,obj753442541956778146.png,-1
,obj753442610676258590.png,-1
,obj753442816834684754.png,-1
,obj753443435309974985.png,-1
,obj753444191224219460.png,-1
,obj753445222016368607.png,-1
,obj753445222016369450.png,-1
,obj753446390247478050.png,-1
,obj753446527686430511.png,-1
,obj753446665125382053.png,-1
,obj753446802564336244.png,-1
,obj753446871283810060.png,-1
,obj753446871283810942.png,-1
,obj753446871283814241.png,-1
,obj753447008722765074.png,-1
,obj753447214881197300.png,-1
,obj753447283600672986.png,-1
,obj753447695917533528.png,-1
,obj753447764637013021.png,-1
,obj753448726709682767.png,-1
,obj753449276465497979.png,-1
,obj753449826221314876.png,-1
,obj753449826221317109.png,-1
,obj753449963660268008.png,-1
,obj753450513416080669.png,-1
,obj753450513416081063.png,-1
,obj753450925732922566.png,-1
,obj753451063171894275.png,-1
,obj753451887805613916.png,-1
,obj753453056036716551.png,-1
,obj753453056036716770.png,-1
,obj753453537073057881.png,-1
,obj753454224267821400.png,-1
,obj753454911462588621.png,-1
,obj753455461218387101.png,-1
,obj753455461218401955.png,-1
,obj753455529937881036.png,-1
,obj753455736096310521.png,-1
,obj753456010974218618.png,-1
,obj753456285852123095.png,-1
,obj753456354571599427.png,-1
,obj753457385363753468.png,-1
,obj753457591522183171.png,-1
,obj753457935119564430.png,-1
,obj753462195727127085.png,-1
,obj753462195727127086.png,-1
,obj753462195727130101.png,-1
,obj753462882921887800.png,-1
,obj753464944506195167.png,-1
,obj753887775446552554.png,-1
,obj753889905750334322.png,-1
,obj753891280139872223.png,-1
,obj753892173493069397.png,-1
,obj753892723248883453.png,-1
,obj753892791968335548.png,-1
,obj753892929407313520.png,-1
,obj753893547882607929.png,-1
,obj753893616602055310.png,-1
,obj753893685321558670.png,-1
,obj753893822760505414.png,-1
,obj753894028918950313.png,-1
,obj753894441235804625.png,-1
,obj753894922272141347.png,-1
,obj753895059711090879.png,-1
,obj753896365381154478.png,-1
,obj753897052575916534.png,-1
,obj753897190014872820.png,-1
,obj753897739770684601.png,-1
,obj753898976721266244.png,-1
,obj753899320318650885.png,-1
,obj753900282391329831.png,-1
,obj753900488549759382.png,-1
,obj753900900866616432.png,-1
,obj753900969586089955.png,-1
,obj753901107025049659.png,-1
,obj753901656780859101.png,-1
,obj753902000378243345.png,-1
,obj753902069097718975.png,-1
,obj753902206536673518.png,-1
,obj753902893731440079.png,-1
,obj753903099889875820.png,-1
,obj753903580926209556.png,-1
,obj753903924523589852.png,-1
,obj753903993243071359.png,-1
,obj753910933910215806.png,-1
,obj754903449312690852.png,-1
,obj754903449312708845.png,-1
,obj754903449312708933.png,-1
,obj754904067787998489.png,-1
,obj754904823702246447.png,-1
,obj754905442177539602.png,-1
,obj754905510897013411.png,-1
,obj754905510897013680.png,-1
,obj754906198091783772.png,-1
,obj754906266811253673.png,-1
,obj754908671992942937.png,-1
,obj754908946870846670.png,-1
,obj754909015590328130.png,-1
,obj754909221748758514.png,-1
,obj754909359187706672.png,-1
,obj754909634065614172.png,-1
,obj754910802296719304.png,-1
,obj754910802296719811.png,-1
,obj754911077174624084.png,-1
,obj754911077174627928.png,-1
,obj754911145894101891.png,-1
,obj754911214613578453.png,-1
,obj754911214613579490.png,-1
,obj754911695649915982.png,-1
,obj754911695649916423.png,-1
,obj754911695649917871.png,-1
,obj754911764369391868.png,-1
,obj754911901808344868.png,-1
,obj754912176686258479.png,-1
,obj754912382844684843.png,-1
,obj754912589003112792.png,-1
,obj754912589003112820.png,-1
,obj754912795161548289.png,-1
,obj754912795161548802.png,-1
,obj754912863881022818.png,-1
,obj754912932600501000.png,-1
,obj754913276197882981.png,-1
,obj754913344917362960.png,-1
,obj754913688514741582.png,-1
,obj754913757234219854.png,-1
,obj754913757234222165.png,-1
,obj754913825953699201.png,-1
,obj754914032112129774.png,-1
,obj754914100831606802.png,-1
,obj754914238270556546.png,-1
,obj754914306990038706.png,-1
,obj754914444428987815.png,-1
,obj754914581867940635.png,-1
,obj754914719306894417.png,-1
,obj754914719306894422.png,-1
,obj754914994184800607.png,-1
,obj754915269062708478.png,-1
,obj754915681379572060.png,-1
,obj754915750099044784.png,-1
,obj754916093696431784.png,-1
,obj754916506013290783.png,-1
,obj754916574732765775.png,-1
,obj754916574732767397.png,-1
,obj754916780891194730.png,-1
,obj754916849610672831.png,-1
,obj754916918330151002.png,-1
,obj754917261927534014.png,-1
,obj754917399366486809.png,-1
,obj754917399366487208.png,-1
,obj754917880402824381.png,-1
,obj754917949122298299.png,-1
,obj754917949122298330.png,-1
,obj754918086561253738.png,-1
,obj754918155280729611.png,-1
,obj754918224000206487.png,-1
,obj754918224000206491.png,-1
,obj754918567597593161.png,-1
,obj754918842475499194.png,-1
,obj754918911194973560.png,-1
,obj754918911194976339.png,-1
,obj754918979914452724.png,-1
,obj754919186072881806.png,-1
,obj754919254792361250.png,-1
,obj754919254792362161.png,-1
,obj754919804548172342.png,-1
,obj754919941987126912.png,-1
,obj754920010706601293.png,-1
,obj754920010706601295.png,-1
,obj754920079426079428.png,-1
,obj754920079426079510.png,-1
,obj754920216865032165.png,-1
,obj754920216865032417.png,-1
,obj754920216865032419.png,-1
,obj754920423023462019.png,-1
,obj754920629181894450.png,-1
,obj754920629181895006.png,-1
,obj754920629181895007.png,-1
,obj754920629181895912.png,-1
,obj754920697901368115.png,-1
,obj754920697901369252.png,-1
,obj754920697901371056.png,-1
,obj754920972779279188.png,-1
,obj754921247657182286.png,-1
,obj754921316376657603.png,-1
,obj754921316376658656.png,-1
,obj754921385096136555.png,-1
,obj754921522535088091.png,-1
,obj754922072290899543.png,-1
,obj754922072290899736.png,-1
,obj754923240522008366.png,-1
,obj754923721558348988.png,-1
,obj754923996436252856.png,-1
,obj754924271314162373.png,-1
,obj754924477472593715.png,-1
,obj754924752350495426.png,-1
,obj754924752350496710.png,-1
,obj754924889789450799.png,-1
,obj754925783142648785.png,-1
,obj754925989301080858.png,-1
,obj754926539056893627.png,-1
,obj754926539056895203.png,-1
,obj754926745215323436.png,-1
,obj754927020093227040.png,-1
,obj754927088812707483.png,-1
,obj754927157532184570.png,-1
,obj754927363690615365.png,-1
,obj754927638568522354.png,-1
,obj754927913446425214.png,-1
,obj754927913446426519.png,-1
,obj754927913446426521.png,-1
,obj754929906311249110.png,-1
,obj754929975030728661.png,-1
,obj754930043750202435.png,-1
,obj754930662225496761.png,-1
,obj754931143261834587.png,-1
,obj754931280700786889.png,-1
,obj754932448931895348.png,-1
,obj754932517651366475.png,-1
,obj754932586370847686.png,-1
,obj754932723809798885.png,-1
,obj754933136126660193.png,-1
,obj754934441796717130.png,-1
,obj754935953625200987.png,-1
,obj754936365942064936.png,-1
,obj754937121856310772.png,-1
,obj754937190575783746.png,-1
,obj754937602892646909.png,-1
,obj754937877770553619.png,-1
,obj754937877770556312.png,-1
,obj754938496245844102.png,-1
,obj754938496245845177.png,-1
,obj754938633684803250.png,-1
,obj754938633684804065.png,-1
,obj754939114721136378.png,-1
,obj754940008074315648.png,-1
,obj754940351671716653.png,-1
,obj754940557830146427.png,-1
,obj754941176305442827.png,-1
,obj754941313744388344.png,-1
,obj754941726061252038.png,-1
,obj754942069658632001.png,-1
,obj754942069658632002.png,-1
,obj754943100450768643.png,-1
,obj754943787645550279.png,-1
,obj754944474840322271.png,-1
,obj754944543559796675.png,-1
,obj754944818437704910.png,-1
,obj754945162035086313.png,-1
,obj754945643071427053.png,-1
,obj754945780510384480.png,-1
,obj754946055388285174.png,-1
,obj754946055388286647.png,-1
,obj754946055388288777.png,-1
,obj754946124107745988.png,-1
,obj754946398985669162.png,-1
,obj754946398985670077.png,-1
,obj754946467705145904.png,-1
,obj754946742583054044.png,-1
,obj754946880022009328.png,-1
,obj754946880022009971.png,-1
,obj754946948741480964.png,-1
,obj754946948741483329.png,-1
,obj754946948741484887.png,-1
,obj754946948741486107.png,-1
,obj754947017460964554.png,-1
,obj754947017460968044.png,-1
,obj754947017460968066.png,-1
,obj754947086180436618.png,-1
,obj754947086180437573.png,-1
,obj754947223619389390.png,-1
,obj754947361058346099.png,-1
,obj754947567216773040.png,-1
,obj754947635936250187.png,-1
,obj754947635936250834.png,-1
,obj754947635936254454.png,-1
,obj754947704655730648.png,-1
,obj754947773375203756.png,-1
,obj754947773375204491.png,-1
,obj754947773375206013.png,-1
,obj754947773375206270.png,-1
,obj754947773375206924.png,-1
,obj754947842094681070.png,-1
,obj754947910814157268.png,-1
,obj754947910814159387.png,-1
,obj754947910814160601.png,-1
,obj754948116972591432.png,-1
,obj754948185692069847.png,-1
,obj754948185692069848.png,-1
,obj754948185692072217.png,-1
,obj754948391850493922.png,-1
,obj754948391850495768.png,-1
,obj754948460569976266.png,-1
,obj754948529289449711.png,-1
,obj754948598008923562.png,-1
,obj754948666728408308.png,-1
,obj754948804167355819.png,-1
,obj754948804167355930.png,-1
,obj754948872886833645.png,-1
,obj754949010325789224.png,-1
,obj754954782761833359.png,-1
,obj754955538676078223.png,-1
,obj754956157151368274.png,-1
,obj754959386966770047.png,-1
,obj754960761356308236.png,-1
,obj754960761356308237.png,-1
,obj754962341904272634.png,-1
,obj754962960379562356.png,-1
,obj754962960379563054.png,-1
,obj755361876942029271.png,-1
,obj755362770295217921.png,-1
,obj755362839014695916.png,-1
,obj755362839014697654.png,-1
,obj755362907734168116.png,-1
,obj755362976453667354.png,-1
,obj755363182612079719.png,-1
,obj755363526209465831.png,-1
,obj755363594928938402.png,-1
,obj755363869806853150.png,-1
,obj755364007245801249.png,-1
,obj755364075965281566.png,-1
,obj755364075965281851.png,-1
,obj755364213404230875.png,-1
,obj755364282123707733.png,-1
,obj755364282123710052.png,-1
,obj755364557001621288.png,-1
,obj755364969318449676.png,-1
,obj755365244196381943.png,-1
,obj755365244196385256.png,-1
,obj755365587793760889.png,-1
,obj755365587793764034.png,-1
,obj755365862671679563.png,-1
,obj755366000110626395.png,-1
,obj755366000110631665.png,-1
,obj755366068830105542.png,-1
,obj755366756024874046.png,-1
,obj755367443219637575.png,-1
,obj755368061694925424.png,-1
,obj755369573523420632.png,-1
,obj755370123279231772.png,-1
,obj755370191998708542.png,-1
,obj755370191998708813.png,-1
,obj755370535596095071.png,-1
,obj755371085351903829.png,-1
,obj755371154071387444.png,-1
,obj755371703827196331.png,-1
,obj755372803338828932.png,-1
,obj755372872058303023.png,-1
,obj755373284375161408.png,-1
,obj755373765411497271.png,-1
,obj755373902850455483.png,-1
,obj755374246447836733.png,-1
,obj755374383886793217.png,-1
,obj755374383886793220.png,-1
,obj755374452606270060.png,-1
,obj755374590045216657.png,-1
,obj755374864923124551.png,-1
,obj755376720348996536.png,-1
,obj755376789068479080.png,-1
,obj755377132665857088.png,-1
,obj755377338824286997.png,-1
,obj755378026019053742.png,-1
,obj755378438335918975.png,-1
,obj755379331689088290.png,-1
,obj755380774798125753.png,-1
,obj756392875251489431.png,-1
,obj756393356287820904.png,-1
,obj756393562446253221.png,-1
,obj756394043482593609.png,-1
,obj756394112202065859.png,-1
,obj756394661957881926.png,-1
,obj756394730677358852.png,-1
,obj756394730677361448.png,-1
,obj756394730677361944.png,-1
,obj756394730677362930.png,-1
,obj756394799396817263.png,-1
,obj756395417872125964.png,-1
,obj756395417872126058.png,-1
,obj756395417872126872.png,-1
,obj756395417872127144.png,-1
,obj756395486591601201.png,-1
,obj756395486591602184.png,-1
,obj756395486591603141.png,-1
,obj756395486591604119.png,-1
,obj756395486591608334.png,-1
,obj756396242505849576.png,-1
,obj756396654822709228.png,-1
,obj756396723542184331.png,-1
,obj756396723542185247.png,-1
,obj756396929700613859.png,-1
,obj756396998420091134.png,-1
,obj756396998420092230.png,-1
,obj756396998420092496.png,-1
,obj756397410736951213.png,-1
,obj756397479456429321.png,-1
,obj756398097931719031.png,-1
,obj756398166651196228.png,-1
,obj756398922565439324.png,-1
,obj756400090796541237.png,-1
,obj756400159516019086.png,-1
,obj756400228235496536.png,-1
,obj756400365674449790.png,-1
,obj756400503113404284.png,-1
,obj756400571832882614.png,-1
,obj756400984149741633.png,-1
,obj756401052869220587.png,-1
,obj756401671344514176.png,-1
,obj756401808783460827.png,-1
,obj756401877502943943.png,-1
,obj756401877502943944.png,-1
,obj756402014941891255.png,-1
,obj756402014941894355.png,-1
,obj756402014941894977.png,-1
,obj756402221100319866.png,-1
,obj756402358539273215.png,-1
,obj756402495978228946.png,-1
,obj756402495978231739.png,-1
,obj756402702136639837.png,-1
,obj756402702136659525.png,-1
,obj756402702136660882.png,-1
,obj756402702136664186.png,-1
,obj756402770856137918.png,-1
,obj756402770856140044.png,-1
,obj756402908295089876.png,-1
,obj756403320611952627.png,-1
,obj756403732928810710.png,-1
,obj756403801648286822.png,-1
,obj756403801648287307.png,-1
,obj756403870367770172.png,-1
,obj756403939087240921.png,-1
,obj756404007806720990.png,-1
,obj756404007806720991.png,-1
,obj756404007806721199.png,-1
,obj756404076526196207.png,-1
,obj756404076526198092.png,-1
,obj756404282684624719.png,-1
,obj756404351404101566.png,-1
,obj756404420123577502.png,-1
,obj756404488843053801.png,-1
,obj756404557562532912.png,-1
,obj756404557562533455.png,-1
,obj756404557562533957.png,-1
,obj756404557562534054.png,-1
,obj756404557562534470.png,-1
,obj756404557562535731.png,-1
,obj756404626282008099.png,-1
,obj756404626282008101.png,-1
,obj756404763720959359.png,-1
,obj756404763720960105.png,-1
,obj756405038598868440.png,-1
,obj756405107318346521.png,-1
,obj756405107318347424.png,-1
,obj756405107318347881.png,-1
,obj756405176037821995.png,-1
,obj756405176037822114.png,-1
,obj756405313476776200.png,-1
,obj756405519635208875.png,-1
,obj756406138110496573.png,-1
,obj756406206829973030.png,-1
,obj756406344268927471.png,-1
,obj756406619146833953.png,-1
,obj756406687866311303.png,-1
,obj756407168902645518.png,-1
,obj756407375061076579.png,-1
,obj756407443780553043.png,-1
,obj756407443780553253.png,-1
,obj756407718658459593.png,-1
,obj756407924816888980.png,-1
,obj756408062255846391.png,-1
,obj756408062255846393.png,-1
,obj756408268414271873.png,-1
,obj756408474572706357.png,-1
,obj756408543292183369.png,-1
,obj756408680731132216.png,-1
,obj756408680731137046.png,-1
,obj756409299206406468.png,-1
,obj756409299206422198.png,-1
,obj756409505364854099.png,-1
,obj756409711523288037.png,-1
,obj756409780242763059.png,-1
,obj756409986401193779.png,-1
,obj756410261279097835.png,-1
,obj756410811034916904.png,-1
,obj756411429510206069.png,-1
,obj756412322863402474.png,-1
,obj756412322863402851.png,-1
,obj756412391582877199.png,-1
,obj756413078777647451.png,-1
,obj756413903411372889.png,-1
,obj756414384447706673.png,-1
,obj756414659325615440.png,-1
,obj756414934203519775.png,-1
,obj756415071642474321.png,-1
,obj756415209081428697.png,-1
,obj756415896276196610.png,-1
,obj756416102434623156.png,-1
,obj756416102434625356.png,-1
,obj756416308593055457.png,-1
,obj756417751702064744.png,-1
,obj756419400969505845.png,-1
,obj756420844078521090.png,-1
,obj756420912797997256.png,-1
,obj756421806151193270.png,-1
,obj756422149748576498.png,-1
,obj756422149748576499.png,-1
,obj756422287187531709.png,-1
,obj756422836943343075.png,-1
,obj756422836943344607.png,-1
,obj756423730296539387.png,-1
,obj756424211332879140.png,-1
,obj756424348771831818.png,-1
,obj756424417491308594.png,-1
,obj756424554930262012.png,-1
,obj756425379563984579.png,-1
,obj756425585722411293.png,-1
,obj756425654441891766.png,-1
,obj756426410356131727.png,-1
,obj756426479075610501.png,-1
,obj756426616514562503.png,-1
,obj756426960111948854.png,-1
,obj756427028831424106.png,-1
,obj756427372428806573.png,-1
,obj756427647306714983.png,-1
,obj756427716026191898.png,-1
,obj756428128343033390.png,-1
,obj756428609379390156.png,-1
,obj756428746818339823.png,-1
,obj756428952976775540.png,-1
,obj756429090415727674.png,-1
,obj756429090415727675.png,-1
,obj756429090415727677.png,-1
,obj756429090415727927.png,-1
,obj756429090415727929.png,-1
,obj756429227854680218.png,-1
,obj756429365293633739.png,-1
,obj756429365293633912.png,-1
,obj756429502732583680.png,-1
,obj756430052488404238.png,-1
,obj756430396085782234.png,-1
,obj756431083280548781.png,-1
,obj756431083280548796.png,-1
,obj756431083280550397.png,-1
,obj756431152000026080.png,-1
,obj756431701755842245.png,-1
,obj756431770475317005.png,-1
,obj756431839194796713.png,-1
,obj756431907914270601.png,-1
,obj756431907914271119.png,-1
,obj756432114072702166.png,-1
,obj756432320231133647.png,-1
,obj756432457670088147.png,-1
,obj756432526389562449.png,-1
,obj756432595109040831.png,-1
,obj756432663828514615.png,-1
,obj756432732547995117.png,-1
,obj756432732547995124.png,-1
,obj756433076145375379.png,-1
,obj756433213584331237.png,-1
,obj756433969498574898.png,-1
,obj756434038218055676.png,-1
,obj756434038218056027.png,-1
,obj756434244376484052.png,-1
,obj756434244376485366.png,-1
,obj756434381815433747.png,-1
,obj756434587973866821.png,-1
,obj756434725412821443.png,-1
,obj756434725412821451.png,-1
,obj756434862851770639.png,-1
,obj756434931571248774.png,-1
,obj756435069010207691.png,-1
,obj756435206449157799.png,-1
,obj756435343888114191.png,-1
,obj756435343888114365.png,-1
,obj756435343888115675.png,-1
,obj756435412607587045.png,-1
,obj756435412607588134.png,-1
,obj756435481327063516.png,-1
,obj756435550046539140.png,-1
,obj756435618766016962.png,-1
,obj756435687485493035.png,-1
,obj756435824924451709.png,-1
,obj756435893643925612.png,-1
,obj756435962363402067.png,-1
,obj756436031082877838.png,-1
,obj756436099802352988.png,-1
,obj756436099802353065.png,-1
,obj756436099802355531.png,-1
,obj756436168521832104.png,-1
,obj756436305960785118.png,-1
,obj756436305960785361.png,-1
,obj756436374680262782.png,-1
,obj756436443399738785.png,-1
,obj756436580838696161.png,-1
,obj756436580838697835.png,-1
,obj756436649558172413.png,-1
,obj756436718277647417.png,-1
,obj756436718277647418.png,-1
,obj756436718277647420.png,-1
,obj756436855716598644.png,-1
,obj756436855716600573.png,-1
,obj756436924436075753.png,-1
,obj756436924436078493.png,-1
,obj756436993155553063.png,-1
,obj756436993155555038.png,-1
,obj756436993155555041.png,-1
,obj756436993155555616.png,-1
,obj756437061875028871.png,-1
,obj756437268033466208.png,-1
,obj756437336752937406.png,-1
,obj756437336752939461.png,-1
,obj756437336752940448.png,-1
,obj756437405472414185.png,-1
,obj756437542911364902.png,-1
,obj756437542911366576.png,-1
,obj756437611630843123.png,-1
,obj756437680350321567.png,-1
,obj756437749069795455.png,-1
,obj756437817789269450.png,-1
,obj756438161386660030.png,-1
,obj756438230106131439.png,-1
,obj756438230106132836.png,-1
,obj756438298825612869.png,-1
,obj756438298825613129.png,-1
,obj756438298825613340.png,-1
,obj756438298825614792.png,-1
,obj756438367545085586.png,-1
,obj756438436264561461.png,-1
,obj756438573703518544.png,-1
,obj756438573703520354.png,-1
,obj756438642422997340.png,-1
,obj756438711142471751.png,-1
,obj756438986020375240.png,-1
,obj756439123459329983.png,-1
,obj756439329617765327.png,-1
,obj756439329617767072.png,-1
,obj756439673215145749.png,-1
,obj756439741934622659.png,-1
,obj756439879373575250.png,-1
,obj756440566568340131.png,-1
,obj756440704007298683.png,-1
,obj756440704007299047.png,-1
,obj756440704007300465.png,-1
,obj756440841446250815.png,-1
,obj756440910165728768.png,-1
,obj756441459921539916.png,-1
,obj756441459921541911.png,-1
,obj756441734799448731.png,-1
,obj756441872238398515.png,-1
,obj756441872238400310.png,-1
,obj756442009677356093.png,-1
,obj756442147116312016.png,-1
,obj756442147116312017.png,-1
,obj756442284555261962.png,-1
,obj756442834311081172.png,-1
,obj756442971750027767.png,-1
,obj756442971750028291.png,-1
,obj756443177908464804.png,-1
,obj756443246627938688.png,-1
,obj756443246627940260.png,-1
,obj756443452786368276.png,-1
,obj756443796383750332.png,-1
,obj756443796383751079.png,-1
,obj756443933822706714.png,-1
,obj756444139981114510.png,-1
,obj756444139981133971.png,-1
,obj756444277420086168.png,-1
,obj756444346139562828.png,-1
,obj756444483578519819.png,-1
,obj756444621017464890.png,-1
,obj756444621017464892.png,-1
,obj756444827175903345.png,-1
,obj756444895895379406.png,-1
,obj756445239492760059.png,-1
,obj756445308212239046.png,-1
,obj756445583090147748.png,-1
,obj756445995407004308.png,-1
,obj756445995407004799.png,-1
,obj756446270284912278.png,-1
,obj756446270284913738.png,-1
,obj756446407723866561.png,-1
,obj756446545162819891.png,-1
,obj756446682601770336.png,-1
,obj756447301077062314.png,-1
,obj756447369796538277.png,-1
,obj756448812905552474.png,-1
,obj756449293941885805.png,-1
,obj756449912417181137.png,-1
,obj756450805770376652.png,-1
,obj756450805770379962.png,-1
,obj756451218087239047.png,-1
,obj756451561684622781.png,-1
,obj756451974001485326.png,-1
,obj756452111440437132.png,-1
,obj756452180159912100.png,-1
,obj756452867354680245.png,-1
,obj756453004793627745.png,-1
,obj756453485829973821.png,-1
,obj756453554549447066.png,-1
,obj756453691988396089.png,-1
,obj756455135097408454.png,-1
,obj756455891011654292.png,-1
,obj756457334120664775.png,-1
,obj756458502351767279.png,-1
,obj756458571071246178.png,-1
,obj756458777229675101.png,-1
,obj756458914668630030.png,-1
,obj756458914668632501.png,-1
,obj756458914668632839.png,-1
,obj756459189546537839.png,-1
,obj756459326985491287.png,-1
,obj756459326985493914.png,-1
,obj756459395704966541.png,-1
,obj756459533143921999.png,-1
,obj756459601863397015.png,-1
,obj756459739302348280.png,-1
,obj756459739302348281.png,-1
,obj756459739302348885.png,-1
,obj756459876741304152.png,-1
,obj756460014180253738.png,-1
,obj756460151619210978.png,-1
,obj756460151619211747.png,-1
,obj756460220338687262.png,-1
,obj756460426497115287.png,-1
,obj756460838813975947.png,-1
,obj756460907533452749.png,-1
,obj756461113691882360.png,-1
,obj756463106556709039.png,-1
,obj756463862470953685.png,-1
,obj756463862470954750.png,-1
,obj756464618385198849.png,-1
,obj756465924055256788.png,-1
,obj756465992774730835.png,-1
,obj756466542530545751.png,-1
,obj756466542530547959.png,-1
,obj756466679969500539.png,-1
,obj756466817408451841.png,-1
,obj756467229725323091.png,-1
,obj756467298444789438.png,-1
,obj756467367164268008.png,-1
,obj756467779481127278.png,-1
,obj756474032953512088.png,-1
,obj756860030254351531.png,-1
,obj756860580010158128.png,-1
,obj756860717449116821.png,-1
,obj756860854888062112.png,-1
,obj756860992327019385.png,-1
,obj756861198485425067.png,-1
,obj756861267204922603.png,-1
,obj756861335924376211.png,-1
,obj756861335924399210.png,-1
,obj756861542082830632.png,-1
,obj756862229277593662.png,-1
,obj756862229277594367.png,-1
,obj756862297997069974.png,-1
,obj756866902202010235.png,-1
,obj756867726835735493.png,-1
,obj756867932994145507.png,-1
,obj756868551469456412.png,-1
,obj756868620188944411.png,-1
,obj757898175389390533.png,-1
,obj757898244108865553.png,-1
,obj757898244108865554.png,-1
,obj757898450267295264.png,-1
,obj757898518986768836.png,-1
,obj757898518986769241.png,-1
,obj757898587706255138.png,-1
,obj757898656425724605.png,-1
,obj757898862584157909.png,-1
,obj757898862584157910.png,-1
,obj757898862584161523.png,-1
,obj757898862584161960.png,-1
,obj757898862584161962.png,-1
,obj757898931303634318.png,-1
,obj757898931303637333.png,-1
,obj757899000023108955.png,-1
,obj757899000023111898.png,-1
,obj757899137462064192.png,-1
,obj757899137462064336.png,-1
,obj757899206181538973.png,-1
,obj757899206181539965.png,-1
,obj757899206181541218.png,-1
,obj757899206181542075.png,-1
,obj757899343620494406.png,-1
,obj757899343620495128.png,-1
,obj757899618498401259.png,-1
,obj757899618498401261.png,-1
,obj757899618498403303.png,-1
,obj757899687217877624.png,-1
,obj757899687217879851.png,-1
,obj757899962095783313.png,-1
,obj757900030815260168.png,-1
,obj757900099534735654.png,-1
,obj757900305693165940.png,-1
,obj757900305693169393.png,-1
,obj757900443132119647.png,-1
,obj757900649290551323.png,-1
,obj757900718010029450.png,-1
,obj757901130326887680.png,-1
,obj757901267765845136.png,-1
,obj757901405204796338.png,-1
,obj757901748802178797.png,-1
,obj757902023680065980.png,-1
,obj757902229838515420.png,-1
,obj757902298557991458.png,-1
,obj757902573435901776.png,-1
,obj757902710874852488.png,-1
,obj757902779594327729.png,-1
,obj757902917033280669.png,-1
,obj757903260630667616.png,-1
,obj757903672947524950.png,-1
,obj757903672947524952.png,-1
,obj757904222703337723.png,-1
,obj757904497581247353.png,-1
,obj757904909898091076.png,-1
,obj757905253495491425.png,-1
,obj757905322214970928.png,-1
,obj757905390934444475.png,-1
,obj757905528373397018.png,-1
,obj757905528373399157.png,-1
,obj757905597092875380.png,-1
,obj757905597092876832.png,-1
,obj757905665812354467.png,-1
,obj757905665812354919.png,-1
,obj757905665812357456.png,-1
,obj757905871970782732.png,-1
,obj757906284287645264.png,-1
,obj757906284287646258.png,-1
,obj757906696604507971.png,-1
,obj757906902762935334.png,-1
,obj757906902762935388.png,-1
,obj757906971482409706.png,-1
,obj757907177640824210.png,-1
,obj757907177640841157.png,-1
,obj757907383799269030.png,-1
,obj757908070994038011.png,-1
,obj757908070994038012.png,-1
,obj757908070994038013.png,-1
,obj757908070994038014.png,-1
,obj757908758188807867.png,-1
,obj757908895627759429.png,-1
,obj757909514103046791.png,-1
,obj757909720261479745.png,-1
,obj757909788980958139.png,-1
,obj757909995139387031.png,-1
,obj757909995139387316.png,-1
,obj757910132578336574.png,-1
,obj757910270017293048.png,-1
,obj757910270017294067.png,-1
,obj757910338736768249.png,-1
,obj757910407456247958.png,-1
,obj757910407456247960.png,-1
,obj757910407456248597.png,-1
,obj757910476175723513.png,-1
,obj757910682334151389.png,-1
,obj757910751053631023.png,-1
,obj757911094651014160.png,-1
,obj757911300809444977.png,-1
,obj757911781845781087.png,-1
,obj757912675198982692.png,-1
,obj757912743918459162.png,-1
,obj757912950076885156.png,-1
,obj757912950076887739.png,-1
,obj757912950076887741.png,-1
,obj757913087515836212.png,-1
,obj757913293674269638.png,-1
,obj757913705991129006.png,-1
,obj757914049588515624.png,-1
,obj757914942941711072.png,-1
,obj757915011661186736.png,-1
,obj757915011661188644.png,-1
,obj757915149100141598.png,-1
,obj757915286539094024.png,-1
,obj757915630136478399.png,-1
,obj757915973733863373.png,-1
,obj757916317331244827.png,-1
,obj757916317331244971.png,-1
,obj757916867087063172.png,-1
,obj757917279403920249.png,-1
,obj757917485562349852.png,-1
,obj757917485562350629.png,-1
,obj757919547146652053.png,-1
,obj757919890744041363.png,-1
,obj757920234341422505.png,-1
,obj757920509219333131.png,-1
,obj757920509219334670.png,-1
,obj757920577938809762.png,-1
,obj757920646658280943.png,-1
,obj757920715377762491.png,-1
,obj757921058975143708.png,-1
,obj757921540011481037.png,-1
,obj757922021047818888.png,-1
,obj757922227206247458.png,-1
,obj757922364645179825.png,-1
,obj757922502084153555.png,-1
,obj757922708242587179.png,-1
,obj757922983120490449.png,-1
,obj757923051839969052.png,-1
,obj757923120559445535.png,-1
,obj757923120559445588.png,-1
,obj757923120559446416.png,-1
,obj757923395437352283.png,-1
,obj757923876473690562.png,-1
,obj757924288790548226.png,-1
,obj757925800619036180.png,-1
,obj757925800619037473.png,-1
,obj757926281655356188.png,-1
,obj757926350374851577.png,-1
,obj757926625252757919.png,-1
,obj757926762691711735.png,-1
,obj757927862203340523.png,-1
,obj757928068361773135.png,-1
,obj757928480678635182.png,-1
,obj757928618117585758.png,-1
,obj757929167873398197.png,-1
,obj757929511470780308.png,-1
,obj757929511470780828.png,-1
,obj757929580190260797.png,-1
,obj757929717629209948.png,-1
,obj757929855068166030.png,-1
,obj757929855068167039.png,-1
,obj757930061226598392.png,-1
,obj757930129946073791.png,-1
,obj757930473543455422.png,-1
,obj757930542262936135.png,-1
,obj757930610982407873.png,-1
,obj757930610982408318.png,-1
,obj757930679701883247.png,-1
,obj757930679701886075.png,-1
,obj757930954579795212.png,-1
,obj757931023299270522.png,-1
,obj757931092018748993.png,-1
,obj757931229457699272.png,-1
,obj757931298177177383.png,-1
,obj757931435616128334.png,-1
,obj757931985371942695.png,-1
,obj757931985371944436.png,-1
,obj757932122810895208.png,-1
,obj757932260249852962.png,-1
,obj757932397688804339.png,-1
,obj757932741286185073.png,-1
,obj757932947444617405.png,-1
,obj757933084883571388.png,-1
,obj757933222322527611.png,-1
,obj757933222322528449.png,-1
,obj757933359761475662.png,-1
,obj757933497200432556.png,-1
,obj757934046956243782.png,-1
,obj757934184395201329.png,-1
,obj757934459273105241.png,-1
,obj757934459273107802.png,-1
,obj757934665431533508.png,-1
,obj757934665431537501.png,-1
,obj757935146467873249.png,-1
,obj757935146467874723.png,-1
,obj757935283906826644.png,-1
,obj757935421345780226.png,-1
,obj757935490065257236.png,-1
,obj757935696223685934.png,-1
,obj757935764943163841.png,-1
,obj757935902382118793.png,-1
,obj757935902382122543.png,-1
,obj757936039821070105.png,-1
,obj757936108540528184.png,-1
,obj757936245979504849.png,-1
,obj757936452137929677.png,-1
,obj757936452137930790.png,-1
,obj757936452137930791.png,-1
,obj757936727015817945.png,-1
,obj757936795735314603.png,-1
,obj757937208052178917.png,-1
,obj757937414210605339.png,-1
,obj757937482930083021.png,-1
,obj757937482930083022.png,-1
,obj757937620369035851.png,-1
,obj757937757807987489.png,-1
,obj757937895246946672.png,-1
,obj757937895246949673.png,-1
,obj757937895246950134.png,-1
,obj757938513722233008.png,-1
,obj757938582441708502.png,-1
,obj757938926039098300.png,-1
,obj757939269636482097.png,-1
,obj757939407075429793.png,-1
,obj757939475794911682.png,-1
,obj757939613233862109.png,-1
,obj757939613233862140.png,-1
,obj757939613233863885.png,-1
,obj757939681953340868.png,-1
,obj757939888111749549.png,-1
,obj757939956831242500.png,-1
,obj757940162989675878.png,-1
,obj757940231709153815.png,-1
,obj757940231709154575.png,-1
,obj757940300428628999.png,-1
,obj757940369148108696.png,-1
,obj757940506587060583.png,-1
,obj757940506587065096.png,-1
,obj757940781464968104.png,-1
,obj757940918903918188.png,-1
,obj757940918903919140.png,-1
,obj757940987623396357.png,-1
,obj757940987623396591.png,-1
,obj757941056342873729.png,-1
,obj757941125062348676.png,-1
,obj757941125062349317.png,-1
,obj757941125062349414.png,-1
,obj757941125062349524.png,-1
,obj757941193781824263.png,-1
,obj757941193781824821.png,-1
,obj757941262501303122.png,-1
,obj757941262501306093.png,-1
,obj757941262501307410.png,-1
,obj757941537379210415.png,-1
,obj757941674818167870.png,-1
,obj757941743537639867.png,-1
,obj757941743537643314.png,-1
,obj757941812257115541.png,-1
,obj757941812257115844.png,-1
,obj757941880976594435.png,-1
,obj757941880976594777.png,-1
,obj757941949696069647.png,-1
,obj757942018415547933.png,-1
,obj757942018415549809.png,-1
,obj757942224573978335.png,-1
,obj757942293293457148.png,-1
,obj757942362012928429.png,-1
,obj757942430732407795.png,-1
,obj757942430732408652.png,-1
,obj757942568171360142.png,-1
,obj757942636890837490.png,-1
,obj757942705610312259.png,-1
,obj757942705610314675.png,-1
,obj757942705610314676.png,-1
,obj757943049207701513.png,-1
,obj757943186646652113.png,-1
,obj757943186646655668.png,-1
,obj757943255366125961.png,-1
,obj757943255366128922.png,-1
,obj757943324085604914.png,-1
,obj757943324085605258.png,-1
,obj757943324085605974.png,-1
,obj757943530244035426.png,-1
,obj757943805121941577.png,-1
,obj757943805121942705.png,-1
,obj757943805121943308.png,-1
,obj757943873841419144.png,-1
,obj757943873841422160.png,-1
,obj757943942560898193.png,-1
,obj757944079999848707.png,-1
,obj757944286158280236.png,-1
,obj757944286158280237.png,-1
,obj757944354877756158.png,-1
,obj757944423597232874.png,-1
,obj757944492316710325.png,-1
,obj757944492316710326.png,-1
,obj757944492316711266.png,-1
,obj757944629755664568.png,-1
,obj757944767194615977.png,-1
,obj757944767194618256.png,-1
,obj757944904633570946.png,-1
,obj757945110791998678.png,-1
,obj757945110791999399.png,-1
,obj757945248230951308.png,-1
,obj757945248230951309.png,-1
,obj757945248230952221.png,-1
,obj757945454389382304.png,-1
,obj757945729267293327.png,-1
,obj757946004145205824.png,-1
,obj757946141584155131.png,-1
,obj757946416462059066.png,-1
,obj757946416462059569.png,-1
,obj757946416462060756.png,-1
,obj757946897498394747.png,-1
,obj757946897498395338.png,-1
,obj757947241095784842.png,-1
,obj757947447254212003.png,-1
,obj757947515973688601.png,-1
,obj757947859571068842.png,-1
,obj757947859571071231.png,-1
,obj757948134448980195.png,-1
,obj757948203168455524.png,-1
,obj757948546765837169.png,-1
,obj757948546765837170.png,-1
,obj757948546765838775.png,-1
,obj757948684204792980.png,-1
,obj757948684204792981.png,-1
,obj757948890363225550.png,-1
,obj757949165241126180.png,-1
,obj757949165241128497.png,-1
,obj757949714996939303.png,-1
,obj757950883228048557.png,-1
,obj757950883228049282.png,-1
,obj757950951947523078.png,-1
,obj757951570422818101.png,-1
,obj757951639142295956.png,-1
,obj757951845300719559.png,-1
,obj757952463776007919.png,-1
,obj757953219690249538.png,-1
,obj757953219690251480.png,-1
,obj757953288409728885.png,-1
,obj757953425848682856.png,-1
,obj757953425848684113.png,-1
,obj757953494568161013.png,-1
,obj757953906885020262.png,-1
,obj757953906885020802.png,-1
,obj757953906885020897.png,-1
,obj757954250482406198.png,-1
,obj757954250482408671.png,-1
,obj757954387921362121.png,-1
,obj757954731518740085.png,-1
,obj757954731518740669.png,-1
,obj757954731518740670.png,-1
,obj757954731518740748.png,-1
,obj757955006396630128.png,-1
,obj757955212555082498.png,-1
,obj757955281274556200.png,-1
,obj757955281274557433.png,-1
,obj757955281274557586.png,-1
,obj757955281274557703.png,-1
,obj757955349994031915.png,-1
,obj757955487432984536.png,-1
,obj757955624871942688.png,-1
,obj757956174627753165.png,-1
,obj757956380786183631.png,-1
,obj757956449505664228.png,-1
,obj757956586944616263.png,-1
,obj757956655664092625.png,-1
,obj757956655664092626.png,-1
,obj757956793103042944.png,-1
,obj757956861822520881.png,-1
,obj757957205419904824.png,-1
,obj757957274139379550.png,-1
,obj757957411578336437.png,-1
,obj757957549017287766.png,-1
,obj757957549017288063.png,-1
,obj757957617736762861.png,-1
,obj757957755175719330.png,-1
,obj757957755175720984.png,-1
,obj757958030053626567.png,-1
,obj757958030053627221.png,-1
,obj757958098773102045.png,-1
,obj757958098773103271.png,-1
,obj757958098773105580.png,-1
,obj757958167492580832.png,-1
,obj757958236212056153.png,-1
,obj757958304931532282.png,-1
,obj757959267004207304.png,-1
,obj757959404443160534.png,-1
,obj757959541882111287.png,-1
,obj757959541882111288.png,-1
,obj757959541882111369.png,-1
,obj757959610601587172.png,-1
,obj757959816760020675.png,-1
,obj757959885479500616.png,-1
,obj757959885479501162.png,-1
,obj757959954198974670.png,-1
,obj757960229076880637.png,-1
,obj757960297796354068.png,-1
,obj757960297796356029.png,-1
,obj757960435235309370.png,-1
,obj757960435235310823.png,-1
,obj757960710113217312.png,-1
,obj757960847552170833.png,-1
,obj757960847552170834.png,-1
,obj757960916271647531.png,-1
,obj757961259869030449.png,-1
,obj757961328588506364.png,-1
,obj757961466027460247.png,-1
,obj757961534746936530.png,-1
,obj757961603466418447.png,-1
,obj757961603466420435.png,-1
,obj757961672185889743.png,-1
,obj757961672185890795.png,-1
,obj757961672185891225.png,-1
,obj757961672185891515.png,-1
,obj757961878344319444.png,-1
,obj757961947063799510.png,-1
,obj757962153222227587.png,-1
,obj757962359380657830.png,-1
,obj757962428100134333.png,-1
,obj757962428100136014.png,-1
,obj757962428100136862.png,-1
,obj757962496819610793.png,-1
,obj757962496819613558.png,-1
,obj757962634258567005.png,-1
,obj757962771697503191.png,-1
,obj757962771697516501.png,-1
,obj757962840416997417.png,-1
,obj757962909136470735.png,-1
,obj757962909136473333.png,-1
,obj757963527611761191.png,-1
,obj757963596331238917.png,-1
,obj757963596331239269.png,-1
,obj757963733770191248.png,-1
,obj757963939928623278.png,-1
,obj757963939928623649.png,-1
,obj757964008648100044.png,-1
,obj757964077367576434.png,-1
,obj757964352245482418.png,-1
,obj757964420964959310.png,-1
,obj757964558403917291.png,-1
,obj757964695842865787.png,-1
,obj757965176879204985.png,-1
,obj757965245598678709.png,-1
,obj757965383037637773.png,-1
,obj757965383037638547.png,-1
,obj757965383037638609.png,-1
,obj757966482549268185.png,-1
,obj757967513341412703.png,-1
,obj757967719499843494.png,-1
,obj757967925658274717.png,-1
,obj757968131816706149.png,-1
,obj757968337975134219.png,-1
,obj757968475414092054.png,-1
,obj757968750291997926.png,-1
,obj757969574925715234.png,-1
,obj757969781084128866.png,-1
,obj757970124681531974.png,-1
,obj757970536998392470.png,-1
,obj757973423216411209.png,-1
,obj757974935044902375.png,-1
,obj757976103276003722.png,-1
,obj757976240714956843.png,-1
,obj757978027421352677.png,-1
,obj757978989494026507.png,-1
,obj757979401810886567.png,-1
,obj757985517844319731.png,-1
,obj759417563020017774.png,-1
,obj759417563020018320.png,-1
,obj759417563020019040.png,-1
,obj759417769178452138.png,-1
,obj759418387653740551.png,-1
,obj759418525092693609.png,-1
,obj759418525092693831.png,-1
,obj759419212287458371.png,-1
,obj759419899482229391.png,-1
,obj759420311799087855.png,-1
,obj759420380518562502.png,-1
,obj759420380518566214.png,-1
,obj759421067713333158.png,-1
,obj759421205152289261.png,-1
,obj759421754908102426.png,-1
,obj759421892347052494.png,-1
,obj759421892347053581.png,-1
,obj759421961066530494.png,-1
,obj759421961066533944.png,-1
,obj759422442102868858.png,-1
,obj759422579541821589.png,-1
,obj759423198017114346.png,-1
,obj759424160089786931.png,-1
,obj759424297528738759.png,-1
,obj759424503687169491.png,-1
,obj759424984723507490.png,-1
,obj759425465759843327.png,-1
,obj759426015515658672.png,-1
,obj759426015515659767.png,-1
,obj759426771429902464.png,-1
,obj759426840149375751.png,-1
,obj759426908868853903.png,-1
,obj759426977588331563.png,-1
,obj759427252466238879.png,-1
,obj759427870941527938.png,-1
,obj759427939661009276.png,-1
,obj759427939661009277.png,-1
,obj759428833014186189.png,-1
,obj759428833014204083.png,-1
,obj759429107892108800.png,-1
,obj759429107892110827.png,-1
,obj759429176611585299.png,-1
,obj759429520208968410.png,-1
,obj759429657647923719.png,-1
,obj759429657647924595.png,-1
,obj759430894598506966.png,-1
,obj759431169476409930.png,-1
,obj759432337707519215.png,-1
,obj759432475146468138.png,-1
,obj759432887463332782.png,-1
,obj759433231060715508.png,-1
,obj759433643377579112.png,-1
,obj759433918255483639.png,-1
,obj759434124413915056.png,-1
,obj759434330572343857.png,-1
,obj759434811608681955.png,-1
,obj759434949047634797.png,-1
,obj759435292645017845.png,-1
,obj759435979839784104.png,-1
,obj759435979839787340.png,-1
,obj759436598315077773.png,-1
,obj759436667034551930.png,-1
,obj759436941912463534.png,-1
,obj759437079351416757.png,-1
,obj759437285509846341.png,-1
,obj759437560387754885.png,-1
,obj759437697826709676.png,-1
,obj759438041424089685.png,-1
,obj759438316301992616.png,-1
,obj759438522460425479.png,-1
,obj759439415813628220.png,-1
,obj759439621972055738.png,-1
,obj759439690691530232.png,-1
,obj759439690691530351.png,-1
,obj759439896849958947.png,-1
,obj759439896849960761.png,-1
,obj759439965569436505.png,-1
,obj759439965569436850.png,-1
,obj759440377886294738.png,-1
,obj759440377886294789.png,-1
,obj759440858922633714.png,-1
,obj759440996361587571.png,-1
,obj759441065081067167.png,-1
,obj759441133800542597.png,-1
,obj759441683556357511.png,-1
,obj759441683556360187.png,-1
,obj759441958434262688.png,-1
,obj759442714348507055.png,-1
,obj759442783067982237.png,-1
,obj759443676421183041.png,-1
,obj759443951299091668.png,-1
,obj759443951299091669.png,-1
,obj759444088738042216.png,-1
,obj759444294896473160.png,-1
,obj759444432335423952.png,-1
,obj759444432335423953.png,-1
,obj759444638493852707.png,-1
,obj759444638493852809.png,-1
,obj759444638493854327.png,-1
,obj759444844652284545.png,-1
,obj759444844652286520.png,-1
,obj759444913371761866.png,-1
,obj759444913371761867.png,-1
,obj759444913371761868.png,-1
,obj759445188249667013.png,-1
,obj759445188249669232.png,-1
,obj759445325688622952.png,-1
,obj759445325688623361.png,-1
,obj759445325688623362.png,-1
,obj759445325688625116.png,-1
,obj759445394408097989.png,-1
,obj759445531847054109.png,-1
,obj759445600566527934.png,-1
,obj759445806724960434.png,-1
,obj759446081602868284.png,-1
,obj759446081602868601.png,-1
,obj759446219041819649.png,-1
,obj759446493919728525.png,-1
,obj759446837517114976.png,-1
,obj759446906236585473.png,-1
,obj759447043675539364.png,-1
,obj759447043675539365.png,-1
,obj759447112395016725.png,-1
,obj759447318553450682.png,-1
,obj759447387272928525.png,-1
,obj759447455992403324.png,-1
,obj759447868309260213.png,-1
,obj759448143187174137.png,-1
,obj759448486784551963.png,-1
,obj759449311418276697.png,-1
,obj759450617088334475.png,-1
,obj759450685807811080.png,-1
,obj759450891966242669.png,-1
,obj759451304283104440.png,-1
,obj759451510441531014.png,-1
,obj759451647880488041.png,-1
,obj759451716599960693.png,-1
,obj759451922758389000.png,-1
,obj759451991477866192.png,-1
,obj759452128916823860.png,-1
,obj759452197636297966.png,-1
,obj759452197636297996.png,-1
,obj759452197636300982.png,-1
,obj759452335075250515.png,-1
,obj759452335075252061.png,-1
,obj759452335075253112.png,-1
,obj759452472514205430.png,-1
,obj759452678672636986.png,-1
,obj759452816111589407.png,-1
,obj759452884831067350.png,-1
,obj759453022270015325.png,-1
,obj759453022270018391.png,-1
,obj759453434586876123.png,-1
,obj759453846903736879.png,-1
,obj759453846903737420.png,-1
,obj759453846903738373.png,-1
,obj759454190501121059.png,-1
,obj759454259220599642.png,-1
,obj759454396659551853.png,-1
,obj759454396659553136.png,-1
,obj759454602817980449.png,-1
,obj759454671537460763.png,-1
,obj759454740256936061.png,-1
,obj759454808976411891.png,-1
,obj759454808976414706.png,-1
,obj759454808976416737.png,-1
,obj759454808976416738.png,-1
,obj759454808976416740.png,-1
,obj759454946415368150.png,-1
,obj759455015134844285.png,-1
,obj759455083854320832.png,-1
,obj759455427451709048.png,-1
,obj759455564890657555.png,-1
,obj759455977207516517.png,-1
,obj759456252085425537.png,-1
,obj759456389524376354.png,-1
,obj759456526963330762.png,-1
,obj759456595682807465.png,-1
,obj759456595682808219.png,-1
,obj759456870560712473.png,-1
,obj759456870560712658.png,-1
,obj759457007999666716.png,-1
,obj759457420316530137.png,-1
,obj759457489036008390.png,-1
,obj759457557755484839.png,-1
,obj759457763913915300.png,-1
,obj759457901352847978.png,-1
,obj759457901352867329.png,-1
,obj759457901352867590.png,-1
,obj759457970072347936.png,-1
,obj759458107511295127.png,-1
,obj759458176230772385.png,-1
,obj759458176230772589.png,-1
,obj759458244950247800.png,-1
,obj759458244950247801.png,-1
,obj759458244950251008.png,-1
,obj759458382389200658.png,-1
,obj759458382389200785.png,-1
,obj759458451108660498.png,-1
,obj759458451108678607.png,-1
,obj759458519828157463.png,-1
,obj759458588547616334.png,-1
,obj759458588547631904.png,-1
,obj759458863425541505.png,-1
,obj759458932145013704.png,-1
,obj759458932145015955.png,-1
,obj759459000864492006.png,-1
,obj759459000864495199.png,-1
,obj759459138303446635.png,-1
,obj759459138303449735.png,-1
,obj759459207022924152.png,-1
,obj759459344461876322.png,-1
,obj759459550620310536.png,-1
,obj759459619339783338.png,-1
,obj759459619339783407.png,-1
,obj759459619339784623.png,-1
,obj759459619339785971.png,-1
,obj759459619339786016.png,-1
,obj759459619339786029.png,-1
,obj759459688059260942.png,-1
,obj759459688059262666.png,-1
,obj759459756778736092.png,-1
,obj759459756778737893.png,-1
,obj759459825498215266.png,-1
,obj759459894217689724.png,-1
,obj759459894217691292.png,-1
,obj759460237815074261.png,-1
,obj759460306534550478.png,-1
,obj759460375254029725.png,-1
,obj759460512692979759.png,-1
,obj759460581412460062.png,-1
,obj759460581412461270.png,-1
,obj759460650131932469.png,-1
,obj759460718851411719.png,-1
,obj759460787570889526.png,-1
,obj759460856290368978.png,-1
,obj759460993729321670.png,-1
,obj759460993729321689.png,-1
,obj759461131168273456.png,-1
,obj759461131168274341.png,-1
,obj759461199887748271.png,-1
,obj759461199887748272.png,-1
,obj759461749643561814.png,-1
,obj759461749643563644.png,-1
,obj759462024521473851.png,-1
,obj759462024521474557.png,-1
,obj759462024521475332.png,-1
,obj759462299399380090.png,-1
,obj759462368118857114.png,-1
,obj759462436838333421.png,-1
,obj759462849155193036.png,-1
,obj759462986594142625.png,-1
,obj759463055313623224.png,-1
,obj759463124033097897.png,-1
,obj759463330191527188.png,-1
,obj759463330191527190.png,-1
,obj759463330191528455.png,-1
,obj759463330191528689.png,-1
,obj759463330191528692.png,-1
,obj759463536349961720.png,-1
,obj759463948666819448.png,-1
,obj759464567142114468.png,-1
,obj759464635861587265.png,-1
,obj759464704581066117.png,-1
,obj759464773300542244.png,-1
,obj759464842020016404.png,-1
,obj759465116897921739.png,-1
,obj759465116897923484.png,-1
,obj759465185617403674.png,-1
,obj759465254336883365.png,-1
,obj759465391775833875.png,-1
,obj759465529214783163.png,-1
,obj759465941531644998.png,-1
,obj759466078970598667.png,-1
,obj759466147690076616.png,-1
,obj759466216409553310.png,-1
,obj759466560006939084.png,-1
,obj759466697445892084.png,-1
,obj759466766165366737.png,-1
,obj759466834884841495.png,-1
,obj759466834884844177.png,-1
,obj759466903604322012.png,-1
,obj759466903604324905.png,-1
,obj759467315921181739.png,-1
,obj759467453360135282.png,-1
,obj759467522079608601.png,-1
,obj759467522079609846.png,-1
,obj759467522079609974.png,-1
,obj759467522079611068.png,-1
,obj759467590799084026.png,-1
,obj759467796957517750.png,-1
,obj759467796957519175.png,-1
,obj759468140554902816.png,-1
,obj759468209274375809.png,-1
,obj759468209274376490.png,-1
,obj759468277993852767.png,-1
,obj759468277993854851.png,-1
,obj759468346713329130.png,-1
,obj759468346713329131.png,-1
,obj759468346713329708.png,-1
,obj759468552871763037.png,-1
,obj759468896469144904.png,-1
,obj759468965188620686.png,-1
,obj759469033908095889.png,-1
,obj759469171347048211.png,-1
,obj759469171347049586.png,-1
,obj759469377505480803.png,-1
,obj759469377505483058.png,-1
,obj759469446224957073.png,-1
,obj759469514944435016.png,-1
,obj759469789822340301.png,-1
,obj759469858541816390.png,-1
,obj759469858541820527.png,-1
,obj759470133419727708.png,-1
,obj759470133419727973.png,-1
,obj759470133419727974.png,-1
,obj759470958053446254.png,-1
,obj759471851406643182.png,-1
,obj759472195004026222.png,-1
,obj759472263723510089.png,-1
,obj759472332442980980.png,-1
,obj759472744759838562.png,-1
,obj759472744759839553.png,-1
,obj759472950918272078.png,-1
,obj759472950918272702.png,-1
,obj759474462746757509.png,-1
,obj759474737624668356.png,-1
,obj759474943783094473.png,-1
,obj759475081222048261.png,-1
,obj759475149941523889.png,-1
,obj759475149941526518.png,-1
,obj759475493538910132.png,-1
,obj759475630977864269.png,-1
,obj759475905855769267.png,-1
,obj759476455611584204.png,-1
,obj759476455611584205.png,-1
,obj759476455611588770.png,-1
,obj759476799208973314.png,-1
,obj759477074086874715.png,-1
,obj759478173598501608.png,-1
,obj759478998232222910.png,-1
,obj759479066951699395.png,-1
,obj759479410549081241.png,-1
,obj759479822865947342.png,-1
,obj759480097743850419.png,-1
,obj759480441341233853.png,-1
,obj759480510060712225.png,-1
,obj759480510060712289.png,-1
,obj759481059816522074.png,-1
,obj759481059816522422.png,-1
,obj759481197255477225.png,-1
,obj759481540852864255.png,-1
,obj759481678291817802.png,-1
,obj759482296767105991.png,-1
,obj759482365486582735.png,-1
,obj759482640364489661.png,-1
,obj759482777803447948.png,-1
,obj759483671156637932.png,-1
,obj759483877315072679.png,-1
,obj759484014754025505.png,-1
,obj759485870179897802.png,-1
,obj759486351216214459.png,-1
,obj759486351216235820.png,-1
,obj759486763533093225.png,-1
,obj759486763533094250.png,-1
,obj759486832252570495.png,-1
,obj759487725605767589.png,-1
,obj759487931764196839.png,-1
,obj759488000483674479.png,-1
,obj759488481520014126.png,-1
,obj759488618958962442.png,-1
,obj759488756397921371.png,-1
,obj759488825117394609.png,-1
,obj759489443592685586.png,-1
,obj759489581031641162.png,-1
,obj759489924629021275.png,-1
,obj759489993348498803.png,-1
,obj759490062067977110.png,-1
,obj759490680543267224.png,-1
,obj759490955421173801.png,-1
,obj759491505176969383.png,-1
,obj759494185236581330.png,-1
,obj759494597553436995.png,-1
,obj759495353467685699.png,-1
,obj759495422187159606.png,-1
,obj759496178101406835.png,-1
,obj759496796576696936.png,-1
,obj759498239685708980.png,-1
,obj759499614075239519.png,-1
,obj759500438708960881.png,-1
,obj759500507428439471.png,-1
,obj759500507428440813.png,-1
,obj759501125903729314.png,-1
,obj759501263342682230.png,-1
,obj759501744379020941.png,-1
,obj759502225415359729.png,-1
,obj759502362854311290.png,-1
,obj759502431573772499.png,-1
,obj759503050049078216.png,-1
,obj759504012121754427.png,-1
,obj759504218280184087.png,-1
,obj759504218280185000.png,-1
,obj759504493158088417.png,-1
,obj759505867547626392.png,-1
,obj759506211145013156.png,-1
,obj759507722973495786.png,-1
,obj759508204009833623.png,-1
,obj759508410168262011.png,-1
,obj759509166082507932.png,-1
,obj759509166082509194.png,-1
,obj759509990716232330.png,-1
,obj759510540472046800.png,-1
,obj759511914861560407.png,-1
,obj759513564129018884.png,-1
,obj759514732360123897.png,-1
,obj759515694432799140.png,-1
,obj759516519066520200.png,-1
,obj759516656505470518.png,-1
,obj759516931383380445.png,-1
,obj759517687297624628.png,-1
,obj759518168333961378.png,-1
,obj759518580650820218.png,-1
,obj759518855528711345.png,-1
,obj759518855528728439.png,-1
,obj759522154063617753.png,-1
,obj759522360222042438.png,-1
,obj759522978697332609.png,-1
,obj759524421806344518.png,-1
,obj759525658756924861.png,-1
,obj759532530704600031.png,-1
,obj759532943021459122.png,-1
,obj760955779787280273.png,-1
,obj760956398262570374.png,-1
,obj760956948018383242.png,-1
,obj760956948018384887.png,-1
,obj760957016737859106.png,-1
,obj760957085457339129.png,-1
,obj760957360335244856.png,-1
,obj760957635213151696.png,-1
,obj760957772652105132.png,-1
,obj760957841371581681.png,-1
,obj760958322407919094.png,-1
,obj760958391127394996.png,-1
,obj760958528566351026.png,-1
,obj760958940883208985.png,-1
,obj760959009602684544.png,-1
,obj760959009602688713.png,-1
,obj760959078322165183.png,-1
,obj760959147041636714.png,-1
,obj760959147041637785.png,-1
,obj760959147041637998.png,-1
,obj760959284480592615.png,-1
,obj760959284480593988.png,-1
,obj760959353200069926.png,-1
,obj760959421919544833.png,-1
,obj760959696797451777.png,-1
,obj760959765516927164.png,-1
,obj760959834236408924.png,-1
,obj760959971675359359.png,-1
,obj760960315272743069.png,-1
,obj760960383992217587.png,-1
,obj760960383992217588.png,-1
,obj760960590150651399.png,-1
,obj760961208625941607.png,-1
,obj760962789173906074.png,-1
,obj760963201490767278.png,-1
,obj760963270210243304.png,-1
,obj760963270210243555.png,-1
,obj760963407649195912.png,-1
,obj760963751246578114.png,-1
,obj760963819966056762.png,-1
,obj760964094843968223.png,-1
,obj760964850758211121.png,-1
,obj760965469233496235.png,-1
,obj760965469233496412.png,-1
,obj760965537952975135.png,-1
,obj760965537952975505.png,-1
,obj760966431306172856.png,-1
,obj760966706184078864.png,-1
,obj760966912342514303.png,-1
,obj760967049781465798.png,-1
,obj760967187220415031.png,-1
,obj760967255939892915.png,-1
,obj760967393378845602.png,-1
,obj760967668256751950.png,-1
,obj760967943134662231.png,-1
,obj760968080573595896.png,-1
,obj760968905207332782.png,-1
,obj760968905207332950.png,-1
,obj760970142157921931.png,-1
,obj760970210877392378.png,-1
,obj760970348316346125.png,-1
,obj760970829352687137.png,-1
,obj760971035511116168.png,-1
,obj760971104230588564.png,-1
,obj760971516547456234.png,-1
,obj760972203742219033.png,-1
,obj760972409900647072.png,-1
,obj760973097095416421.png,-1
,obj760973303253848454.png,-1
,obj760973578131757803.png,-1
,obj760974127887569067.png,-1
,obj760974402765475396.png,-1
,obj760976258191350120.png,-1
,obj760976395630301778.png,-1
,obj760976670508209551.png,-1
,obj760977082825067318.png,-1
,obj760977082825069781.png,-1
,obj760978319775648417.png,-1
,obj760978319775650698.png,-1
,obj760978663373032696.png,-1
,obj760978732092507973.png,-1
,obj760979213128852070.png,-1
,obj760979831604139757.png,-1
,obj760979969043093408.png,-1
,obj760980037762570398.png,-1
,obj760980518798902632.png,-1
,obj760980518798904741.png,-1
,obj760980587518383698.png,-1
,obj760981068554721048.png,-1
,obj760981274713150005.png,-1
,obj760981412152102105.png,-1
,obj760981480871578740.png,-1
,obj760982168066343963.png,-1
,obj760983748614313617.png,-1
,obj760983817333793046.png,-1
,obj760984916845417520.png,-1
,obj760984916845418188.png,-1
,obj760985397881753397.png,-1
,obj760985535320709383.png,-1
,obj760985810198612443.png,-1
,obj760985878918091915.png,-1
,obj760985947637567440.png,-1
,obj760986016357047128.png,-1
,obj760986016357047130.png,-1
,obj760986497393383784.png,-1
,obj760986703551791792.png,-1
,obj760987871782914150.png,-1
,obj760988146660823092.png,-1
,obj760988490258209272.png,-1
,obj760988627697164750.png,-1
,obj760988627697165610.png,-1
,obj760988696416639179.png,-1
,obj760989658489311152.png,-1
,obj760990139525651061.png,-1
,obj760991376476227462.png,-1
,obj760991376476231320.png,-1
,obj760991582634660174.png,-1
,obj760991994951523168.png,-1
,obj760992201109952605.png,-1
,obj760992201109952620.png,-1
,obj760992407268378643.png,-1
,obj760992407268379483.png,-1
,obj760992682146287491.png,-1
,obj760992750865760864.png,-1
,obj760992750865761517.png,-1
,obj760993094463149655.png,-1
,obj760993094463150753.png,-1
,obj760993369341058418.png,-1
,obj760993575499487676.png,-1
,obj760993575499489554.png,-1
,obj760994056535822287.png,-1
,obj760994193974776296.png,-1
,obj760994331413727652.png,-1
,obj760994331413729758.png,-1
,obj760994400133205167.png,-1
,obj760994468852683826.png,-1
,obj760995224766928885.png,-1
,obj760995499644834772.png,-1
,obj760995499644834775.png,-1
,obj760995499644838086.png,-1
,obj760995499644838087.png,-1
,obj760995843242218190.png,-1
,obj760997217631755061.png,-1
,obj760997286351230299.png,-1
,obj760997629948614193.png,-1
,obj760997698668090381.png,-1
,obj760997904826517050.png,-1
,obj760997973545999414.png,-1
,obj760998042265475608.png,-1
,obj760998523301810530.png,-1
,obj760998592021286464.png,-1
,obj760998592021288154.png,-1
,obj760998660740765100.png,-1
,obj760999004338147538.png,-1
,obj760999347935530324.png,-1
,obj760999416655011417.png,-1
,obj760999554093962549.png,-1
,obj760999554093962861.png,-1
,obj760999691532911302.png,-1
,obj760999691532912534.png,-1
,obj760999760252390406.png,-1
,obj760999966410821939.png,-1
,obj761000035130296894.png,-1
,obj761000241288729059.png,-1
,obj761000447447164101.png,-1
,obj761000516166635096.png,-1
,obj761000516166636235.png,-1
,obj761000584886109357.png,-1
,obj761000928483497623.png,-1
,obj761001203361402067.png,-1
,obj761001340800358050.png,-1
,obj761001615678265036.png,-1
,obj761001753117220013.png,-1
,obj761001890556169340.png,-1
,obj761001890556171130.png,-1
,obj761002165434076242.png,-1
,obj761002302873030639.png,-1
,obj761002509031466116.png,-1
,obj761002577750940452.png,-1
,obj761002577750941318.png,-1
,obj761002783909369441.png,-1
,obj761002852628843373.png,-1
,obj761002921348322142.png,-1
,obj761003402384657194.png,-1
,obj761003952140477274.png,-1
,obj761004020859949091.png,-1
,obj761004020859949866.png,-1
,obj761004501896287643.png,-1
,obj761004708054714101.png,-1
,obj761004776774193023.png,-1
,obj761005463968940891.png,-1
,obj761005738846865989.png,-1
,obj761006838358494113.png,-1
,obj761006907077971287.png,-1
,obj761007113236404387.png,-1
,obj761007250675357391.png,-1
,obj761007456833786959.png,-1
,obj761007525553263280.png,-1
,obj761007662992216441.png,-1
,obj761007731711693342.png,-1
,obj761007731711693343.png,-1
,obj761008006589598155.png,-1
,obj761008487625933569.png,-1
,obj761008693784365948.png,-1
,obj761009312259659498.png,-1
,obj761009380979133673.png,-1
,obj761010549210240455.png,-1
,obj761010617929718284.png,-1
,obj761011030246575378.png,-1
,obj761011236405005259.png,-1
,obj761011305124484056.png,-1
,obj761012061038725855.png,-1
,obj761012198477683982.png,-1
,obj761012198477684475.png,-1
,obj761012267197154806.png,-1
,obj761012404636116452.png,-1
,obj761012473355587124.png,-1
,obj761012679514018886.png,-1
,obj761012885672448502.png,-1
,obj761012954391928009.png,-1
,obj761013023111405385.png,-1
,obj761013297989307177.png,-1
,obj761013297989311057.png,-1
,obj761013985184079155.png,-1
,obj761013985184079157.png,-1
,obj761014053903552398.png,-1
,obj761014053903552558.png,-1
,obj761014122623029991.png,-1
,obj761014122623029992.png,-1
,obj761014260061981868.png,-1
,obj761014260061981870.png,-1
,obj761014260061981871.png,-1
,obj761014260061983413.png,-1
,obj761014878537273475.png,-1
,obj761014878537277190.png,-1
,obj761015084695705716.png,-1
,obj761015153415180717.png,-1
,obj761015153415181367.png,-1
,obj761015153415183969.png,-1
,obj761015153415183970.png,-1
,obj761015359573609495.png,-1
,obj761015771890473217.png,-1
,obj761015909329424641.png,-1
,obj761016184207330581.png,-1
,obj761016252926808817.png,-1
,obj761016321646287260.png,-1
,obj761016459085240744.png,-1
,obj761016802682620637.png,-1
,obj761017421157910503.png,-1
,obj761017558596866444.png,-1
,obj761018177072154577.png,-1
,obj761018177072156793.png,-1
,obj761018451950065440.png,-1
,obj761018726827968855.png,-1
,obj761018932986397643.png,-1
,obj761018932986397644.png,-1
,obj761019139144828031.png,-1
,obj761019207864305542.png,-1
,obj761019620181165212.png,-1
,obj761019826339581248.png,-1
,obj761019963778550464.png,-1
,obj761020169936984011.png,-1
,obj761020307375934309.png,-1
,obj761020444814888519.png,-1
,obj761020925851224722.png,-1
,obj761021681765470794.png,-1
,obj761021956643377091.png,-1
,obj761022300240760945.png,-1
,obj761022506399192585.png,-1
,obj761022643838144783.png,-1
,obj761023262313433831.png,-1
,obj761023537191340891.png,-1
,obj761023812069248490.png,-1
,obj761023880788724517.png,-1
,obj761024018227678596.png,-1
,obj761024430544539188.png,-1
,obj761024499264014336.png,-1
,obj761024636702973183.png,-1
,obj761024636702973184.png,-1
,obj761025186458780617.png,-1
,obj761025942373025983.png,-1
,obj761026148531457949.png,-1
,obj761026217250937279.png,-1
,obj761026767006751932.png,-1
,obj761027385482038361.png,-1
,obj761027454201518120.png,-1
,obj761027454201518365.png,-1
,obj761027797798900529.png,-1
,obj761028210115763832.png,-1
,obj761028278835239511.png,-1
,obj761029103468956621.png,-1
,obj761029172188433423.png,-1
,obj761029447066339113.png,-1
,obj761029584505293400.png,-1
,obj761029584505294935.png,-1
,obj761029859383201475.png,-1
,obj761030202980584510.png,-1
,obj761030340419541052.png,-1
,obj761030890175351907.png,-1
,obj761032195845408127.png,-1
,obj761032608162267544.png,-1
,obj761032951759652590.png,-1
,obj761033226637558902.png,-1
,obj761033501515466737.png,-1
,obj761033845112849930.png,-1
,obj761034051271279416.png,-1
,obj761034257429711300.png,-1
,obj761034601027098181.png,-1
,obj761034669746555899.png,-1
,obj761034875904999692.png,-1
,obj761034944624478564.png,-1
,obj761036112855583576.png,-1
,obj761037143647733300.png,-1
,obj761037143647734705.png,-1
,obj761037624684069579.png,-1
,obj761038655476221470.png,-1
,obj761039273951510055.png,-1
,obj761039411390449148.png,-1
,obj761039411390464376.png,-1
,obj761039548829420793.png,-1
,obj761039617548897412.png,-1
,obj761040923218951900.png,-1
,obj761041129377384047.png,-1
,obj761041541694247203.png,-1
,obj761041679133198320.png,-1
,obj761042572486395285.png,-1
,obj761043122242191814.png,-1
,obj761043671998026662.png,-1
,obj761045046387558228.png,-1
,obj761045939740755500.png,-1
,obj761046008460231802.png,-1
,obj761046008460233598.png,-1
,obj761049444434068419.png,-1
,obj761049513153544009.png,-1
,obj761050062909360143.png,-1
,obj761050131628840140.png,-1
,obj761050200348296476.png,-1
,obj761050200348316018.png,-1
,obj761050543945701624.png,-1
,obj761050681384653707.png,-1
,obj761050750104129023.png,-1
,obj761050956262556876.png,-1
,obj761052261932618874.png,-1
,obj761053017846860668.png,-1
,obj761053155285816117.png,-1
,obj761054117358494299.png,-1
,obj761054667114303419.png,-1
,obj761055354309069990.png,-1
,obj761056453820696747.png,-1
,obj761059408758198788.png,-1
,obj761059752355582739.png,-1
,obj761060164672443847.png,-1
,obj761060783147732652.png,-1
,obj761060783147733490.png,-1
,obj761060783147733552.png,-1
,obj761060783147733796.png,-1
,obj761060783147733952.png,-1
,obj761060783147733973.png,-1
,obj761060783147733980.png,-1
,obj761060783147733992.png,-1
,obj761060783147734003.png,-1
,obj761060783147734022.png,-1
,obj761060783147734545.png,-1
,obj761060783147734689.png,-1
,obj761060783147735317.png,-1
,obj761060851867208920.png,-1
,obj761060851867209753.png,-1
,obj761061126745118275.png,-1
,obj761061401623026223.png,-1
,obj761061470342490049.png,-1
,obj761061470342490069.png,-1
,obj761061470342490143.png,-1
,obj761061470342490212.png,-1
,obj761061470342490214.png,-1
,obj761061470342490215.png,-1
,obj761061470342490220.png,-1
,obj761061470342490293.png,-1
,obj761061470342490532.png,-1
,obj761061470342490825.png,-1
,obj761061470342491070.png,-1
,obj761061470342491109.png,-1
,obj761061470342491115.png,-1
,obj761061470342491426.png,-1
,obj761061470342491604.png,-1
,obj761061470342491884.png,-1
,obj761061470342492035.png,-1
,obj761061470342492091.png,-1
,obj761061470342492258.png,-1
,obj761061470342492634.png,-1
,obj761061470342492948.png,-1
,obj761061470342493194.png,-1
,obj761061813939880680.png,-1
,obj761061951378834094.png,-1
,obj761062226256744052.png,-1
,obj761062294976221265.png,-1
,obj761062294976222187.png,-1
,obj761062363695697431.png,-1
,obj761063600646278059.png,-1
,obj761064493999474048.png,-1
,obj761066280705871024.png,-1
,obj761067242778548922.png,-1
,obj761067311498023249.png,-1
,obj761068136131748975.png,-1
,obj761069373082326874.png,-1
,obj761069716679711324.png,-1
,obj761069716679711420.png,-1
,obj761070610032887784.png,-1
,obj761071503386085650.png,-1
,obj761076107591046891.png,-1
,obj761077344541623297.png,-1
,obj761077481980577261.png,-1
,obj761078100455871194.png,-1
,obj761078306614301255.png,-1
,obj761078787650636011.png,-1
,obj761083254416625252.png,-1
,obj761084972403545724.png,-1
,obj761085247281449747.png,-1
,obj761098510140457075.png,-1
,obj761098510140457597.png,-1
,obj762509389717325715.png,-1
,obj762510076912092489.png,-1
,obj762510076912093346.png,-1
,obj762512756971684116.png,-1
,obj762513444166452340.png,-1
,obj762513444166452769.png,-1
,obj762513444166452771.png,-1
,obj762514200080697227.png,-1
,obj762515643189709597.png,-1
,obj762516055506572168.png,-1
,obj762516399103950766.png,-1
,obj762516467823431047.png,-1
,obj762517017579241549.png,-1
,obj762517086298721419.png,-1
,obj762517155018197618.png,-1
,obj762517567335054433.png,-1
,obj762517636054534995.png,-1
,obj762517773493488145.png,-1
,obj762517842212962581.png,-1
,obj762517842212964076.png,-1
,obj762517842212964077.png,-1
,obj762517842212965508.png,-1
,obj762517910932442489.png,-1
,obj762517910932443697.png,-1
,obj762517910932445013.png,-1
,obj762517979651899763.png,-1
,obj762517979651917715.png,-1
,obj762518323249301906.png,-1
,obj762518323249301907.png,-1
,obj762518323249301908.png,-1
,obj762518323249301909.png,-1
,obj762518460688254095.png,-1
,obj762518460688255169.png,-1
,obj762518460688255171.png,-1
,obj762518598127206537.png,-1
,obj762518735566160729.png,-1
,obj762519010444067965.png,-1
,obj762519010444069026.png,-1
,obj762519010444069027.png,-1
,obj762519147883025271.png,-1
,obj762519147883025272.png,-1
,obj762519216602498758.png,-1
,obj762519354041450811.png,-1
,obj762519354041450812.png,-1
,obj762519354041450924.png,-1
,obj762519354041454280.png,-1
,obj762519560199884830.png,-1
,obj762519628919360528.png,-1
,obj762519628919360529.png,-1
,obj762519628919363749.png,-1
,obj762519628919363750.png,-1
,obj762519697638835772.png,-1
,obj762519835077791435.png,-1
,obj762519835077793268.png,-1
,obj762519903797263086.png,-1
,obj762519903797264154.png,-1
,obj762520041236219646.png,-1
,obj762520247394652762.png,-1
,obj762520384833602726.png,-1
,obj762520453553084554.png,-1
,obj762520522272556283.png,-1
,obj762520865869939122.png,-1
,obj762520934589415865.png,-1
,obj762520934589415867.png,-1
,obj762521072028371273.png,-1
,obj762521140747829662.png,-1
,obj762521140747846308.png,-1
,obj762521415625753484.png,-1
,obj762521621784186158.png,-1
,obj762521896662090822.png,-1
,obj762522446417909579.png,-1
,obj762522652576342200.png,-1
,obj762522652576342202.png,-1
,obj762523133612675701.png,-1
,obj762523202332152101.png,-1
,obj762523339771104008.png,-1
,obj762523408490580823.png,-1
,obj762523408490585501.png,-1
,obj762523752087964563.png,-1
,obj762523889526922215.png,-1
,obj762523889526924070.png,-1
,obj762524095685352071.png,-1
,obj762524233124304570.png,-1
,obj762524508002207696.png,-1
,obj762524508002211800.png,-1
,obj762524508002211801.png,-1
,obj762524576721686014.png,-1
,obj762524576721686015.png,-1
,obj762524645441162415.png,-1
,obj762524714160638444.png,-1
,obj762524989038544295.png,-1
,obj762525332635930103.png,-1
,obj762525332635931398.png,-1
,obj762525470074885990.png,-1
,obj762525744952791454.png,-1
,obj762525813672271230.png,-1
,obj762525813672272433.png,-1
,obj762526294708608757.png,-1
,obj762526569586510784.png,-1
,obj762526707025463145.png,-1
,obj762526981903370539.png,-1
,obj762527050622849905.png,-1
,obj762527050622849908.png,-1
,obj762527188061802550.png,-1
,obj762527188061805817.png,-1
,obj762527531659183265.png,-1
,obj762527669098137563.png,-1
,obj762527669098137564.png,-1
,obj762527669098139282.png,-1
,obj762527669098139284.png,-1
,obj762528081414980296.png,-1
,obj762528150134477368.png,-1
,obj762528356292905622.png,-1
,obj762528493731859309.png,-1
,obj762528699890288474.png,-1
,obj762528699890288475.png,-1
,obj762528906048717588.png,-1
,obj762528974768193525.png,-1
,obj762529318365580432.png,-1
,obj762530761474593924.png,-1
,obj762531036352501175.png,-1
,obj762531586108313306.png,-1
,obj762531723547269192.png,-1
,obj762531860986220853.png,-1
,obj762531998425174302.png,-1
,obj762532067144651926.png,-1
,obj762532067144653590.png,-1
,obj762532273303079757.png,-1
,obj762532342022555090.png,-1
,obj762532685619941989.png,-1
,obj762532823058898844.png,-1
,obj762533235375753165.png,-1
,obj762533235375755944.png,-1
,obj762533510253663486.png,-1
,obj762533716412093181.png,-1
,obj762533991290002047.png,-1
,obj762534472326333316.png,-1
,obj762534472326337589.png,-1
,obj762535090801625464.png,-1
,obj762535090801626900.png,-1
,obj762535159521109284.png,-1
,obj762535434399009205.png,-1
,obj762535571837944451.png,-1
,obj762535777996391373.png,-1
,obj762536602630115892.png,-1
,obj762536946227499674.png,-1
,obj762537358544362507.png,-1
,obj762537564702791510.png,-1
,obj762537633422266042.png,-1
,obj762537770861216733.png,-1
,obj762538251897558634.png,-1
,obj762538664214415078.png,-1
,obj762539145250736514.png,-1
,obj762539351409182851.png,-1
,obj762539626287091406.png,-1
,obj762540038603950138.png,-1
,obj762540038603951477.png,-1
,obj762540107323428268.png,-1
,obj762540931957151064.png,-1
,obj762541412993490021.png,-1
,obj762541481712965485.png,-1
,obj762541825310343675.png,-1
,obj762542100188253552.png,-1
,obj762542100188259034.png,-1
,obj762542306346683848.png,-1
,obj762543818175172530.png,-1
,obj762543886894648933.png,-1
,obj762544093053080889.png,-1
,obj762544436650463633.png,-1
,obj762544711528369060.png,-1
,obj762544848967325014.png,-1
,obj762545192564704137.png,-1
,obj762545330003662606.png,-1
,obj762545536162091352.png,-1
,obj762545879759476495.png,-1
,obj762546223356859139.png,-1
,obj762547254149007561.png,-1
,obj762547803904821872.png,-1
,obj762548491099590617.png,-1
,obj762548765977497286.png,-1
,obj762548834696973574.png,-1
,obj762549247013833248.png,-1
,obj762549659330693760.png,-1
,obj762549728050169752.png,-1
,obj762549934208602385.png,-1
,obj762549934208603990.png,-1
,obj762550140367033735.png,-1
,obj762550552683892101.png,-1
,obj762550621403369957.png,-1
,obj762550827561796987.png,-1
,obj762550896281278718.png,-1
,obj762550965000756116.png,-1
,obj762550965000756174.png,-1
,obj762551446037088719.png,-1
,obj762551789634475868.png,-1
,obj762551858353950224.png,-1
,obj762551927073426788.png,-1
,obj762552064512384407.png,-1
,obj762552133231864067.png,-1
,obj762552270670813451.png,-1
,obj762552545548718772.png,-1
,obj762552614268194814.png,-1
,obj762552614268198089.png,-1
,obj762552957865579310.png,-1
,obj762553026585056858.png,-1
,obj762553301462960588.png,-1
,obj762553301462960855.png,-1
,obj762553301462962573.png,-1
,obj762553713779826436.png,-1
,obj762553782499300709.png,-1
,obj762553988657731067.png,-1
,obj762554675852498684.png,-1
,obj762555019449882864.png,-1
,obj762555569205694416.png,-1
,obj762555569205695026.png,-1
,obj762556118961507610.png,-1
,obj762556187680983103.png,-1
,obj762556393839414594.png,-1
,obj762557768228951767.png,-1
,obj762557905667903831.png,-1
,obj762557905667907629.png,-1
,obj762558249265289425.png,-1
,obj762558249265290329.png,-1
,obj762558386704241342.png,-1
,obj762558799021099970.png,-1
,obj762558867740580433.png,-1
,obj762559761093774145.png,-1
,obj762559829813252834.png,-1
,obj762559829813252836.png,-1
,obj762559967252207573.png,-1
,obj762560035971682929.png,-1
,obj762560173410641445.png,-1
,obj762560929324882438.png,-1
,obj762560929324882439.png,-1
,obj762560998044353556.png,-1
,obj762560998044356621.png,-1
,obj762561204202785712.png,-1
,obj762561479080694517.png,-1
,obj762562028836513637.png,-1
,obj762562097555987079.png,-1
,obj762562372433892671.png,-1
,obj762562441153365679.png,-1
,obj762562647311797069.png,-1
,obj762562647311801761.png,-1
,obj762563609384475548.png,-1
,obj762563609384475554.png,-1
,obj762563678103953405.png,-1
,obj762565808407731980.png,-1
,obj762565808407733612.png,-1
,obj762565945846685267.png,-1
,obj762566564321976704.png,-1
,obj762566770480401687.png,-1
,obj762566770480401688.png,-1
,obj762566770480401689.png,-1
,obj762566770480404888.png,-1
,obj762567045358311253.png,-1
,obj762567045358311254.png,-1
,obj762567114077787269.png,-1
,obj762567457675171329.png,-1
,obj762567732553077480.png,-1
,obj762567732553077610.png,-1
,obj762567869992031559.png,-1
,obj762567869992031560.png,-1
,obj762568007430984251.png,-1
,obj762568351028368627.png,-1
,obj762568625906273391.png,-1
,obj762568625906274855.png,-1
,obj762568625906274856.png,-1
,obj762568763345227954.png,-1
,obj762569106942608681.png,-1
,obj762569106942608682.png,-1
,obj762569175662088794.png,-1
,obj762569175662088797.png,-1
,obj762569175662089743.png,-1
,obj762569175662089744.png,-1
,obj762569244381565096.png,-1
,obj762569381820518997.png,-1
,obj762569381820519475.png,-1
,obj762569381820519839.png,-1
,obj762569794137375698.png,-1
,obj762569931576313309.png,-1
,obj762570137734760493.png,-1
,obj762570137734760494.png,-1
,obj762570206454236849.png,-1
,obj762570893649006771.png,-1
,obj762571099807437169.png,-1
,obj762571168526912133.png,-1
,obj762571168526913034.png,-1
,obj762571374685341582.png,-1
,obj762571993160615343.png,-1
,obj762572199319070221.png,-1
,obj762572199319072277.png,-1
,obj762573504989121570.png,-1
,obj762574329622844340.png,-1
,obj762574329622846536.png,-1
,obj762574398342324673.png,-1
,obj762574398342326172.png,-1
,obj762574673220226373.png,-1
,obj762574741939704641.png,-1
,obj762574810659181837.png,-1
,obj762575291695515767.png,-1
,obj762575566573425236.png,-1
,obj762576185048714887.png,-1
,obj762576322487668926.png,-1
,obj762576322487668998.png,-1
,obj762576322487669001.png,-1
,obj762577009682434885.png,-1
,obj762577353279823260.png,-1
,obj762577421999299785.png,-1
,obj762577490718777027.png,-1
,obj762577559438250670.png,-1
,obj762578040474586622.png,-1
,obj762578040474586711.png,-1
,obj762579071266738051.png,-1
,obj762579139986217123.png,-1
,obj762579621022552375.png,-1
,obj762579621022552376.png,-1
,obj762580995412087979.png,-1
,obj762581682606853036.png,-1
,obj762581957484758953.png,-1
,obj762582644679524662.png,-1
,obj762582850837960706.png,-1
,obj762582850837960708.png,-1
,obj762582988276913235.png,-1
,obj762583400593769379.png,-1
,obj762583538032724871.png,-1
,obj762583606752199786.png,-1
,obj762584156508016790.png,-1
,obj762584706263831173.png,-1
,obj762586011933885589.png,-1
,obj762586767848130161.png,-1
,obj762586767848132818.png,-1
,obj762586974006562342.png,-1
,obj762587386323422852.png,-1
,obj762587592481850029.png,-1
,obj762588554554530045.png,-1
,obj762588623274004836.png,-1
,obj762589310468770746.png,-1
,obj762589585346678224.png,-1
,obj762589791505105317.png,-1
,obj762590135102488960.png,-1
,obj762590203821965736.png,-1
,obj762590822297257944.png,-1
,obj762591234614102124.png,-1
,obj762592059247840330.png,-1
,obj762592334125747199.png,-1
,obj762592540284178811.png,-1
,obj762593364917898202.png,-1
,obj762593364917900772.png,-1
,obj762593502356851219.png,-1
,obj762593983393190357.png,-1
,obj762595014185338952.png,-1
,obj762595220343773501.png,-1
,obj762595357782721673.png,-1
,obj762595357782724187.png,-1
,obj762595495221678280.png,-1
,obj762595976258011884.png,-1
,obj762596182416443809.png,-1
,obj762596869611211299.png,-1
,obj762597969122840887.png,-1
,obj762598381439701206.png,-1
,obj762599343512373561.png,-1
,obj762599480951328991.png,-1
,obj762599824548710542.png,-1
,obj762599824548712102.png,-1
,obj762601817413536886.png,-1
,obj762602092291441631.png,-1
,obj762602710766732028.png,-1
,obj762602916925163511.png,-1
,obj762603054364122833.png,-1
,obj762603191803069926.png,-1
,obj762604153875745469.png,-1
,obj762604428753650842.png,-1
,obj762605940582146434.png,-1
,obj762606009301617503.png,-1
,obj762607177532722823.png,-1
,obj762608483202777369.png,-1
,obj762608689361212120.png,-1
,obj762609376555979281.png,-1
,obj762609720153342810.png,-1
,obj762610063750744855.png,-1
,obj762610338628651011.png,-1
,obj762611987896095054.png,-1
,obj762612743810336838.png,-1
,obj762613362285629126.png,-1
,obj762613568444057950.png,-1
,obj762615355150454189.png,-1
,obj762615561308884026.png,-1
,obj762615698747836066.png,-1
,obj762615836186788855.png,-1
,obj762617348015278895.png,-1
,obj762622295817602341.png,-1
,obj762622295817602824.png,-1
,obj762622708134466079.png,-1
,obj762622708134467443.png,-1
,obj762622776853938614.png,-1
,obj762622845573421408.png,-1
,obj762623257890277978.png,-1
,obj762623601487662373.png,-1
,obj762623670207141992.png,-1
,obj762624357401911119.png,-1
,obj762624563560334735.png,-1
,obj762624700999288981.png,-1
,obj762626968742020886.png,-1
,obj762627037461499968.png,-1
,obj762627655936789490.png,-1
,obj762627793375743987.png,-1
,obj762627862095218951.png,-1
,obj762628274412083498.png,-1
,obj762628755448419807.png,-1
,obj762628892887374174.png,-1
,obj762629854960047404.png,-1
,obj762629854960047587.png,-1
,obj762629854960047650.png,-1
,obj762629854960047658.png,-1
,obj762629854960047751.png,-1
,obj762629854960047752.png,-1
,obj762629854960047783.png,-1
,obj762629854960047823.png,-1
,obj762629923679523126.png,-1
,obj762631160630107395.png,-1
,obj762631298069056551.png,-1
,obj762632053983282078.png,-1
,obj762632466300165727.png,-1
,obj762633016055981086.png,-1
,obj762633016055984019.png,-1
,obj762633084775454707.png,-1
,obj762633153494930524.png,-1
,obj762633153494930909.png,-1
,obj762633290933880010.png,-1
,obj762633290933881157.png,-1
,obj762633428372838944.png,-1
,obj762633909409175819.png,-1
,obj762634184287079210.png,-1
,obj762634596603943212.png,-1
,obj762634734042895475.png,-1
,obj762635215079230176.png,-1
,obj762635215079232824.png,-1
,obj762635215079232826.png,-1
,obj762635283798710950.png,-1
,obj762635558676617434.png,-1
,obj762635764835042854.png,-1
,obj762635833554524452.png,-1
,obj762635902273998791.png,-1
,obj762635970993482279.png,-1
,obj762635970993482281.png,-1
,obj762636245871385420.png,-1
,obj762636383310337750.png,-1
,obj762636452029813664.png,-1
,obj762637207944060103.png,-1
,obj762638170016736466.png,-1
,obj762638307455687933.png,-1
,obj762638513614114233.png,-1
,obj762639406967308475.png,-1
,obj762639406967308895.png,-1
,obj762640162881553970.png,-1
,obj762640231601038259.png,-1
,obj762640987515276067.png,-1
,obj762640987515277712.png,-1
,obj762641056234753042.png,-1
,obj762641056234753043.png,-1
,obj762641468551618144.png,-1
,obj762641674710047791.png,-1
,obj762641743429521467.png,-1
,obj762641949587951975.png,-1
,obj762641949587952723.png,-1
,obj762642155746382415.png,-1
,obj762642842941149109.png,-1
,obj762643117819052804.png,-1
,obj762643667574868404.png,-1
,obj762643736294349218.png,-1
,obj762644011172258269.png,-1
,obj762644286050141391.png,-1
,obj762644492208571208.png,-1
,obj762644973244934045.png,-1
,obj762645591720219908.png,-1
,obj762647790743477443.png,-1
,obj762649302571961201.png,-1
,obj762649440010920743.png,-1
,obj762649646169347281.png,-1
,obj762650470803069957.png,-1
,obj762650470803069958.png,-1
,obj762650608242020702.png,-1
,obj762650745680974112.png,-1
,obj762650814400447452.png,-1
,obj762651020558883157.png,-1
,obj762651226717317974.png,-1
,obj762651295436796069.png,-1
,obj762652738545800729.png,-1
,obj762653082143185066.png,-1
,obj762653631898995350.png,-1
,obj762653975496379291.png,-1
,obj762653975496379950.png,-1
,obj762654593971666657.png,-1
,obj762656037080686346.png,-1
,obj762656724275448071.png,-1
,obj762657548909171687.png,-1
,obj762657548909172964.png,-1
,obj762657755067604465.png,-1
,obj762657961226028386.png,-1
,obj762658236103942283.png,-1
,obj762658579701320195.png,-1
,obj762658854579227404.png,-1
,obj762658854579227835.png,-1
,obj762665795246377218.png,-1
,obj762671705121358216.png,-1
,obj764082241100861384.png,-1
,obj764083752929348916.png,-1
,obj764084027807259389.png,-1
,obj764084989879929531.png,-1
,obj764085058599407024.png,-1
,obj764085127318878801.png,-1
,obj764085196038360256.png,-1
,obj764085264757836938.png,-1
,obj764085264757837608.png,-1
,obj764085333477312689.png,-1
,obj764085745794175758.png,-1
,obj764085883233126363.png,-1
,obj764086570427895210.png,-1
,obj764086639147373029.png,-1
,obj764086707866846517.png,-1
,obj764087188903184202.png,-1
,obj764087395061596597.png,-1
,obj764088013536888821.png,-1
,obj764089319206966525.png,-1
,obj764089800243301099.png,-1
,obj764090281279635590.png,-1
,obj764090281279636616.png,-1
,obj764090556157542944.png,-1
,obj764090762315975937.png,-1
,obj764090762315978085.png,-1
,obj764090762315978778.png,-1
,obj764090831035450616.png,-1
,obj764090899754930455.png,-1
,obj764090968474402071.png,-1
,obj764091243352310535.png,-1
,obj764091449510742671.png,-1
,obj764091449510745954.png,-1
,obj764092342863936784.png,-1
,obj764092411583417998.png,-1
,obj764092686461325174.png,-1
,obj764093030058709731.png,-1
,obj764093992131381973.png,-1
,obj764094335728764721.png,-1
,obj764094610606675639.png,-1
,obj764096053715687672.png,-1
,obj764096122435162868.png,-1
,obj764096397313070977.png,-1
,obj764096672190972409.png,-1
,obj764097015788360729.png,-1
,obj764097015788360730.png,-1
,obj764097015788360880.png,-1
,obj764097015788360961.png,-1
,obj764097015788360962.png,-1
,obj764097015788360964.png,-1
,obj764097221946790992.png,-1
,obj764097359385741841.png,-1
,obj764097634263645634.png,-1
,obj764097634263648786.png,-1
,obj764097702983124685.png,-1
,obj764097909141554595.png,-1
,obj764098115299990657.png,-1
,obj764098184019461085.png,-1
,obj764098184019463118.png,-1
,obj764098527616848267.png,-1
,obj764098527616852290.png,-1
,obj764099214811612010.png,-1
,obj764099283531090890.png,-1
,obj764099627128479239.png,-1
,obj764099627128479241.png,-1
,obj764099902006378391.png,-1
,obj764099902006381634.png,-1
,obj764099902006381635.png,-1
,obj764099902006382468.png,-1
,obj764100314323242442.png,-1
,obj764100520481672828.png,-1
,obj764100726640100638.png,-1
,obj764100864079056680.png,-1
,obj764101070237484996.png,-1
,obj764101070237486163.png,-1
,obj764101276395913657.png,-1
,obj764101345115393240.png,-1
,obj764101482554345091.png,-1
,obj764101551273823061.png,-1
,obj764101894871206132.png,-1
,obj764102444627018828.png,-1
,obj764103337980220061.png,-1
,obj764104437491846888.png,-1
,obj764104437491851925.png,-1
,obj764104712369752197.png,-1
,obj764105055967139396.png,-1
,obj764105537003470258.png,-1
,obj764105674442426158.png,-1
,obj764105743161906295.png,-1
,obj764106361637195374.png,-1
,obj764107048831965215.png,-1
,obj764107323709867203.png,-1
,obj764107323709868493.png,-1
,obj764107323709870087.png,-1
,obj764107667307254087.png,-1
,obj764107736026727421.png,-1
,obj764108079624114433.png,-1
,obj764108148343591205.png,-1
,obj764108423221498456.png,-1
,obj764108491940971998.png,-1
,obj764108766818881428.png,-1
,obj764108972977311493.png,-1
,obj764109385294171552.png,-1
,obj764109797611035025.png,-1
,obj764110141208419300.png,-1
,obj764110690964229912.png,-1
,obj764110965842136657.png,-1
,obj764111103281091224.png,-1
,obj764111103281093119.png,-1
,obj764111172000566432.png,-1
,obj764111172000567372.png,-1
,obj764111172000568101.png,-1
,obj764111172000568581.png,-1
,obj764111515597952491.png,-1
,obj764111859195333408.png,-1
,obj764111927914808725.png,-1
,obj764112065353767797.png,-1
,obj764112546390101006.png,-1
,obj764113371023824840.png,-1
,obj764113852060160461.png,-1
,obj764113920779640618.png,-1
,obj764114264377019932.png,-1
,obj764114264377019933.png,-1
,obj764115295169170956.png,-1
,obj764115363888650647.png,-1
,obj764115707486030393.png,-1
,obj764115844924985923.png,-1
,obj764116325961322246.png,-1
,obj764116325961322247.png,-1
,obj764116875717138380.png,-1
,obj764117150595047229.png,-1
,obj764117975228759515.png,-1
,obj764118318826146143.png,-1
,obj764118524984578994.png,-1
,obj764118524984580104.png,-1
,obj764118662423530398.png,-1
,obj764118799862483208.png,-1
,obj764119212179346843.png,-1
,obj764119212179346848.png,-1
,obj764119212179346957.png,-1
,obj764119418337773539.png,-1
,obj764119624496207148.png,-1
,obj764119761935159858.png,-1
,obj764119899374113319.png,-1
,obj764120105532543451.png,-1
,obj764120311690972194.png,-1
,obj764120449129929667.png,-1
,obj764120586568882126.png,-1
,obj764120655288355559.png,-1
,obj764120930166261286.png,-1
,obj764121067605216878.png,-1
,obj764121136324696128.png,-1
,obj764121136324698705.png,-1
,obj764121273763644271.png,-1
,obj764121273763645943.png,-1
,obj764121273763646357.png,-1
,obj764121273763648525.png,-1
,obj764121686080509087.png,-1
,obj764121823519461926.png,-1
,obj764121892238938956.png,-1
,obj764122167116842795.png,-1
,obj764122167116842797.png,-1
,obj764122167116842798.png,-1
,obj764122235836322027.png,-1
,obj764122510714231054.png,-1
,obj764122648153182475.png,-1
,obj764123335347946673.png,-1
,obj764124159981667525.png,-1
,obj764124297420624973.png,-1
,obj764124503579052448.png,-1
,obj764124915895911732.png,-1
,obj764124915895915561.png,-1
,obj764125122054345771.png,-1
,obj764125809249110244.png,-1
,obj764126977480215496.png,-1
,obj764126977480217390.png,-1
,obj764126977480219261.png,-1
,obj764127389797075191.png,-1
,obj764127458516551153.png,-1
,obj764127802113942397.png,-1
,obj764127870833417859.png,-1
,obj764128008272368568.png,-1
,obj764128489308703449.png,-1
,obj764128626747658162.png,-1
,obj764128695467136018.png,-1
,obj764129039064520729.png,-1
,obj764129176503474425.png,-1
,obj764129313942423866.png,-1
,obj764130001137190697.png,-1
,obj764130413454053216.png,-1
,obj764130619612486782.png,-1
,obj764131100648819378.png,-1
,obj764131100648822382.png,-1
,obj764131719124108746.png,-1
,obj764131719124108747.png,-1
,obj764132475038356419.png,-1
,obj764132749916266241.png,-1
,obj764133437111028585.png,-1
,obj764133505830503793.png,-1
,obj764133505830503935.png,-1
,obj764133780708417665.png,-1
,obj764133849427891943.png,-1
,obj764134261744750692.png,-1
,obj764134399183702587.png,-1
,obj764134467903179850.png,-1
,obj764134536622658496.png,-1
,obj764134948939519088.png,-1
,obj764134948939520649.png,-1
,obj764135361256378687.png,-1
,obj764135361256381686.png,-1
,obj764135498695332037.png,-1
,obj764135498695332038.png,-1
,obj764135567414806743.png,-1
,obj764135636134285300.png,-1
,obj764135704853760499.png,-1
,obj764135842292713774.png,-1
,obj764136048451150233.png,-1
,obj764136117170625551.png,-1
,obj764136254609577275.png,-1
,obj764136254609577277.png,-1
,obj764136254609577329.png,-1
,obj764136254609577779.png,-1
,obj764137079243299713.png,-1
,obj764137697718589544.png,-1
,obj764137697718590538.png,-1
,obj764138110035446555.png,-1
,obj764138178754927285.png,-1
,obj764138178754927286.png,-1
,obj764138178754927287.png,-1
,obj764138178754927981.png,-1
,obj764138247474401176.png,-1
,obj764138316193882734.png,-1
,obj764138384913357273.png,-1
,obj764138384913357515.png,-1
,obj764138591071783953.png,-1
,obj764138728510739914.png,-1
,obj764138934669169678.png,-1
,obj764139072108124026.png,-1
,obj764139484424980563.png,-1
,obj764139621863940875.png,-1
,obj764139621863940877.png,-1
,obj764139690583413139.png,-1
,obj764139759302888711.png,-1
,obj764139828022364283.png,-1
,obj764139828022366002.png,-1
,obj764140102900270977.png,-1
,obj764140102900270978.png,-1
,obj764140515217134919.png,-1
,obj764140583936607947.png,-1
,obj764140583936607951.png,-1
,obj764140790095042204.png,-1
,obj764141752167719639.png,-1
,obj764142233204051490.png,-1
,obj764142508081963660.png,-1
,obj764142920398822410.png,-1
,obj764144294788352082.png,-1
,obj764144363507829185.png,-1
,obj764145119422070825.png,-1
,obj764145256861028037.png,-1
,obj764145600458410795.png,-1
,obj764145669177885115.png,-1
,obj764145944055793116.png,-1
,obj764146218933702005.png,-1
,obj764146218933702389.png,-1
,obj764146287653177695.png,-1
,obj764146356372638498.png,-1
,obj764146425092127458.png,-1
,obj764146493811607528.png,-1
,obj764146837408989873.png,-1
,obj764146837408989874.png,-1
,obj764146837408990295.png,-1
,obj764146837408990866.png,-1
,obj764146837408991947.png,-1
,obj764147043567421894.png,-1
,obj764147181006373249.png,-1
,obj764147318445329526.png,-1
,obj764147524603758515.png,-1
,obj764147524603758516.png,-1
,obj764147593323235751.png,-1
,obj764147593323237842.png,-1
,obj764147662042711333.png,-1
,obj764147662042714319.png,-1
,obj764147662042715169.png,-1
,obj764147662042715172.png,-1
,obj764147868201143700.png,-1
,obj764147936920617146.png,-1
,obj764148280518002944.png,-1
,obj764148349237477459.png,-1
,obj764148349237480658.png,-1
,obj764148761554339875.png,-1
,obj764149311310153912.png,-1
,obj764149792346490970.png,-1
,obj764149792346490971.png,-1
,obj764150410821780521.png,-1
,obj764150960577597122.png,-1
,obj764151235455504029.png,-1
,obj764151235455504030.png,-1
,obj764151510333412616.png,-1
,obj764151579052886942.png,-1
,obj764151716491840642.png,-1
,obj764151991369745457.png,-1
,obj764152128808702244.png,-1
,obj764152197528176399.png,-1
,obj764152403686609761.png,-1
,obj764152403686609763.png,-1
,obj764152403686609904.png,-1
,obj764152403686609905.png,-1
,obj764152541125559590.png,-1
,obj764152816003467405.png,-1
,obj764153159600853220.png,-1
,obj764153159600853225.png,-1
,obj764153434478740498.png,-1
,obj764153778076141726.png,-1
,obj764153915515094622.png,-1
,obj764153915515098106.png,-1
,obj764154190393000097.png,-1
,obj764154190393002362.png,-1
,obj764154259112483050.png,-1
,obj764154259112483051.png,-1
,obj764154946307246354.png,-1
,obj764155289904632676.png,-1
,obj764155289904632677.png,-1
,obj764155289904634070.png,-1
,obj764155358624110418.png,-1
,obj764155427343584775.png,-1
,obj764155427343584994.png,-1
,obj764155770940965941.png,-1
,obj764156045818872333.png,-1
,obj764156183257826850.png,-1
,obj764156320696780856.png,-1
,obj764156320696780857.png,-1
,obj764156664294164410.png,-1
,obj764156733013640856.png,-1
,obj764157007891546459.png,-1
,obj764159756670617369.png,-1
,obj764159825390097871.png,-1
,obj764160650023817284.png,-1
,obj764160787462769589.png,-1
,obj764161131060154959.png,-1
,obj764161474657539564.png,-1
,obj764162024413354875.png,-1
,obj764162093132826811.png,-1
,obj764162093132826812.png,-1
,obj764162161852304848.png,-1
,obj764162230571780438.png,-1
,obj764162505449687925.png,-1
,obj764163467522364017.png,-1
,obj764163742400271420.png,-1
,obj764164910631373267.png,-1
,obj764165460387187892.png,-1
,obj764165872704048571.png,-1
,obj764165941423522191.png,-1
,obj764166972215676406.png,-1
,obj764167040935153197.png,-1
,obj764167796849395909.png,-1
,obj764168003007808800.png,-1
,obj764169033799985388.png,-1
,obj764172469773815520.png,-1
,obj764172469773816685.png,-1
,obj764172813371198026.png,-1
,obj764173019529627813.png,-1
,obj764173088249108626.png,-1
,obj764174187760733405.png,-1
,obj764174943674977347.png,-1
,obj764175424711314860.png,-1
,obj764176180625560889.png,-1
,obj764176592942422598.png,-1
,obj764177211417709039.png,-1
,obj764177348856665070.png,-1
,obj764179135563057284.png,-1
,obj764180028916257423.png,-1
,obj764180235074682779.png,-1
,obj764180303794162067.png,-1
,obj764180372513640414.png,-1
,obj764181472025265911.png,-1
,obj764181746903181491.png,-1
,obj764182227939510058.png,-1
,obj764182777695322552.png,-1
,obj764183052573230430.png,-1
,obj764183671048522354.png,-1
,obj764184289523811977.png,-1
,obj764186419827590625.png,-1
,obj764186488547067807.png,-1
,obj764186763424976538.png,-1
,obj764186832144456465.png,-1
,obj764186900863931844.png,-1
,obj764186969583407367.png,-1
,obj764187588058698757.png,-1
,obj764188412692416309.png,-1
,obj764188618850847483.png,-1
,obj764189306045613168.png,-1
,obj764190268118290196.png,-1
,obj764191367629913984.png,-1
,obj764192948177885650.png,-1
,obj764194322567398822.png,-1
,obj764194734884258061.png,-1
,obj764195696956953303.png,-1
,obj764195903115382384.png,-1
,obj764196384151719801.png,-1
,obj764196727749105208.png,-1
,obj764196933907531682.png,-1
,obj764196933907534490.png,-1
,obj764197002627009981.png,-1
,obj764197208785440251.png,-1
,obj764198651894453359.png,-1
,obj764199613967126616.png,-1
,obj764200369881367750.png,-1
,obj764200576039805469.png,-1
,obj764201125795614092.png,-1
,obj764201331954047823.png,-1
,obj764201469393001078.png,-1
,obj764202156587766135.png,-1
,obj764202912502010883.png,-1
,obj764203324818869165.png,-1
,obj764203462257823924.png,-1
,obj764203530977301133.png,-1
,obj764204218172067813.png,-1
,obj764204218172072061.png,-1
,obj764205317683693938.png,-1
,obj764205867439509571.png,-1
,obj764206073597942426.png,-1
,obj764208478779623560.png,-1
,obj764208891096488731.png,-1
,obj764208959815943699.png,-1
,obj764209165974398918.png,-1
,obj764209372132824544.png,-1
,obj764210128047065968.png,-1
,obj764210746522360273.png,-1
,obj764210746522360275.png,-1
,obj764210815241835742.png,-1
,obj764213357862475274.png,-1
,obj764213632740382185.png,-1
,obj764213632740382186.png,-1
,obj764213838898813666.png,-1
,obj764213976337762937.png,-1
,obj764214113776717295.png,-1
,obj764214113776717296.png,-1
,obj764214869690966995.png,-1
,obj764215282007820779.png,-1
,obj764216725116834574.png,-1
,obj764216725116834575.png,-1
,obj764217068714218912.png,-1
,obj764217755908985456.png,-1
,obj764218580542705052.png,-1
,obj764219130298516728.png,-1
,obj764219886212767405.png,-1
,obj764220917004918055.png,-1
,obj764221260602300795.png,-1
,obj764221604199686004.png,-1
,obj764222016516543910.png,-1
,obj764222291394452549.png,-1
,obj764222428833401089.png,-1
,obj764222841150264579.png,-1
,obj764222978589218922.png,-1
,obj764223047308698648.png,-1
,obj764223322186602196.png,-1
,obj764224146820324400.png,-1
,obj764224352978752361.png,-1
,obj764225383770905148.png,-1
,obj764225864807240437.png,-1
,obj764226002246193657.png,-1
,obj764227239196772950.png,-1
,obj764228201269448251.png,-1
,obj764228338708405259.png,-1
,obj764228751025262534.png,-1
,obj764228888464197660.png,-1
,obj764229300781074784.png,-1
,obj764229781817395530.png,-1
,obj764235829131364666.png,-1
,obj764237203520902453.png,-1
,obj764237890715666273.png,-1
,obj764238303032527315.png,-1
,obj764241532847932641.png,-1
,obj764241739006362623.png,-1
,obj764241876445318791.png,-1
,obj764242494920608980.png,-1
,obj764243938029603588.png,-1
,obj764244693943863586.png,-1
,obj764245174980202378.png,-1
,obj764246274491826892.png,-1
,obj764249710465664479.png,-1
,obj764251565891538929.png,-1
,obj764251772049966544.png,-1
,obj764252046927875920.png,-1
,obj764253421317410351.png,-1
,obj764256651132816444.png,-1
,obj764267440090665633.png,-1
,obj765669798452416820.png,-1
,obj765670210769276304.png,-1
,obj765670485647182555.png,-1
,obj765670554366658538.png,-1
,obj765670623086134919.png,-1
,obj765670691805614453.png,-1
,obj765670691805614754.png,-1
,obj765670760525089721.png,-1
,obj765671172841949262.png,-1
,obj765671310280903869.png,-1
,obj765671379000385240.png,-1
,obj765671447719856408.png,-1
,obj765671447719856862.png,-1
,obj765671447719859132.png,-1
,obj765671860036717240.png,-1
,obj765671928756194701.png,-1
,obj765671997475668786.png,-1
,obj765671997475672996.png,-1
,obj765672066195146315.png,-1
,obj765672066195147514.png,-1
,obj765672134914626327.png,-1
,obj765672684670437155.png,-1
,obj765672753389913302.png,-1
,obj765672753389915845.png,-1
,obj765672822109388171.png,-1
,obj765673784182068476.png,-1
,obj765674127779452001.png,-1
,obj765674402657355277.png,-1
,obj765674608815787635.png,-1
,obj765675089852127061.png,-1
,obj765675296010551988.png,-1
,obj765675639607935861.png,-1
,obj765677701192221592.png,-1
,obj765678250948050410.png,-1
,obj765678388387005467.png,-1
,obj765678731984391119.png,-1
,obj765679144301250617.png,-1
,obj765680243812881361.png,-1
,obj765680518690788595.png,-1
,obj765681274605027831.png,-1
,obj765682305397179316.png,-1
,obj765682511555613379.png,-1
,obj765682511555613380.png,-1
,obj765682580275086681.png,-1
,obj765682923872480641.png,-1
,obj765682992591948097.png,-1
,obj765683061311425142.png,-1
,obj765683198750376670.png,-1
,obj765683817225670316.png,-1
,obj765684366981486756.png,-1
,obj765684366981486757.png,-1
,obj765684435700960178.png,-1
,obj765684985456770542.png,-1
,obj765685191615206450.png,-1
,obj765685260334682173.png,-1
,obj765685329054157819.png,-1
,obj765685672651539762.png,-1
,obj765685741371014985.png,-1
,obj765685947529445984.png,-1
,obj765685947529446548.png,-1
,obj765685947529448528.png,-1
,obj765685947529449338.png,-1
,obj765686084968398946.png,-1
,obj765686428565783745.png,-1
,obj765686428565785345.png,-1
,obj765686566004740168.png,-1
,obj765686566004741011.png,-1
,obj765687184480030793.png,-1
,obj765687184480030794.png,-1
,obj765687321918983772.png,-1
,obj765687321918986278.png,-1
,obj765688490150094019.png,-1
,obj765689246064332804.png,-1
,obj765689246064333117.png,-1
,obj765689314783810305.png,-1
,obj765689933259100628.png,-1
,obj765691307648635472.png,-1
,obj765691445087586489.png,-1
,obj765691857404449845.png,-1
,obj765692063562880908.png,-1
,obj765692063562880940.png,-1
,obj765692407160266183.png,-1
,obj765692613318695420.png,-1
,obj765692819477125227.png,-1
,obj765693163074506673.png,-1
,obj765693231793990598.png,-1
,obj765693369232937602.png,-1
,obj765693506671892607.png,-1
,obj765693506671895520.png,-1
,obj765693506671895523.png,-1
,obj765693781549800211.png,-1
,obj765693987708228573.png,-1
,obj765694056427707158.png,-1
,obj765694056427707160.png,-1
,obj765694125147181616.png,-1
,obj765694125147182259.png,-1
,obj765694193866658014.png,-1
,obj765694262586138211.png,-1
,obj765694743622475552.png,-1
,obj765694812341951849.png,-1
,obj765694812341952425.png,-1
,obj765694881061428526.png,-1
,obj765695430817235767.png,-1
,obj765695499536719414.png,-1
,obj765695499536720307.png,-1
,obj765695568256191751.png,-1
,obj765695568256193023.png,-1
,obj765695705695146277.png,-1
,obj765696118012004837.png,-1
,obj765696873926248259.png,-1
,obj765697354962591253.png,-1
,obj765697629840496868.png,-1
,obj765697629840499297.png,-1
,obj765697629840500206.png,-1
,obj765697904718402110.png,-1
,obj765698042157356156.png,-1
,obj765698042157357362.png,-1
,obj765698179596308224.png,-1
,obj765698248315787340.png,-1
,obj765698317035261942.png,-1
,obj765698591913172537.png,-1
,obj765699416546893891.png,-1
,obj765699485266365815.png,-1
,obj765700378619564399.png,-1
,obj765700790936427148.png,-1
,obj765701753009103035.png,-1
,obj765701821728573059.png,-1
,obj765701821728575939.png,-1
,obj765701890448053795.png,-1
,obj765701959167532073.png,-1
,obj765702096606483124.png,-1
,obj765702302764914340.png,-1
,obj765702371484390201.png,-1
,obj765702371484391943.png,-1
,obj765703127398632716.png,-1
,obj765703196118111828.png,-1
,obj765703264837589402.png,-1
,obj765704707946598813.png,-1
,obj765704845385553918.png,-1
,obj765705188982937195.png,-1
,obj765705257702411620.png,-1
,obj765705532580321647.png,-1
,obj765705738738747883.png,-1
,obj765705944897179117.png,-1
,obj765705944897180813.png,-1
,obj765706288494563463.png,-1
,obj765706357214041747.png,-1
,obj765706632091948960.png,-1
,obj765706769530900727.png,-1
,obj765707181847763840.png,-1
,obj765707250567237149.png,-1
,obj765707456725670831.png,-1
,obj765709587029445635.png,-1
,obj765709724468406019.png,-1
,obj765709793187875920.png,-1
,obj765709793187875994.png,-1
,obj765709930626827555.png,-1
,obj765709930626829557.png,-1
,obj765710068065784090.png,-1
,obj765711442455320985.png,-1
,obj765711579894272260.png,-1
,obj765711579894272261.png,-1
,obj765711648613747905.png,-1
,obj765711717333229064.png,-1
,obj765711717333229065.png,-1
,obj765711923491657628.png,-1
,obj765711992211137075.png,-1
,obj765712129650087892.png,-1
,obj765712198369563461.png,-1
,obj765712335808514283.png,-1
,obj765712335808516309.png,-1
,obj765712748125375145.png,-1
,obj765712885564333797.png,-1
,obj765713229161713840.png,-1
,obj765713366600669062.png,-1
,obj765713572759096836.png,-1
,obj765713710198054450.png,-1
,obj765713778917528861.png,-1
,obj765713778917528862.png,-1
,obj765713778917529745.png,-1
,obj765714191234388086.png,-1
,obj765714809709679836.png,-1
,obj765714878429159048.png,-1
,obj765715015868113204.png,-1
,obj765715359465492013.png,-1
,obj765715428184971968.png,-1
,obj765715496904446733.png,-1
,obj765715496904446734.png,-1
,obj765715565623924215.png,-1
,obj765715634343400072.png,-1
,obj765715634343402475.png,-1
,obj765715703062879497.png,-1
,obj765715771782353768.png,-1
,obj765715771782357579.png,-1
,obj765715840501833856.png,-1
,obj765715909221306918.png,-1
,obj765715909221309140.png,-1
,obj765716046660259795.png,-1
,obj765716321538166220.png,-1
,obj765716321538169796.png,-1
,obj765716596416076123.png,-1
,obj765716940013459357.png,-1
,obj765717558488745396.png,-1
,obj765718726719853203.png,-1
,obj765719276475666386.png,-1
,obj765719482634093877.png,-1
,obj765719482634095623.png,-1
,obj765719620073052359.png,-1
,obj765719826231479298.png,-1
,obj765720375987297954.png,-1
,obj765720650865204953.png,-1
,obj765720788304155826.png,-1
,obj765720925743104702.png,-1
,obj765721063182062956.png,-1
,obj765721612937874104.png,-1
,obj765721681657353598.png,-1
,obj765721956535259175.png,-1
,obj765722368852119167.png,-1
,obj765722643730027055.png,-1
,obj765722987327409558.png,-1
,obj765722987327410016.png,-1
,obj765723124766363289.png,-1
,obj765724774033804730.png,-1
,obj765725392509093910.png,-1
,obj765725461228570388.png,-1
,obj765725529948049196.png,-1
,obj765725736106478961.png,-1
,obj765726079703863707.png,-1
,obj765726698179153180.png,-1
,obj765726698179153322.png,-1
,obj765726835618109875.png,-1
,obj765727179215495068.png,-1
,obj765727247934970082.png,-1
,obj765727316654444956.png,-1
,obj765727591532349949.png,-1
,obj765727591532349951.png,-1
,obj765727591532351832.png,-1
,obj765727797690783008.png,-1
,obj765727866410257241.png,-1
,obj765727935129735221.png,-1
,obj765728278727122382.png,-1
,obj765728347446595948.png,-1
,obj765729034641363483.png,-1
,obj765729103360839600.png,-1
,obj765729240799794771.png,-1
,obj765729584397176017.png,-1
,obj765729859275085205.png,-1
,obj765730202872470263.png,-1
,obj765730271591945135.png,-1
,obj765730271591945136.png,-1
,obj765730271591945391.png,-1
,obj765730615189327541.png,-1
,obj765730958786709695.png,-1
,obj765731027506187945.png,-1
,obj765732264456768864.png,-1
,obj765732333176249162.png,-1
,obj765732401895722824.png,-1
,obj765732401895724011.png,-1
,obj765732814212582640.png,-1
,obj765733020371014324.png,-1
,obj765733089090490122.png,-1
,obj765733707565782028.png,-1
,obj765733913724209138.png,-1
,obj765733982443691154.png,-1
,obj765734394760548215.png,-1
,obj765736868661709644.png,-1
,obj765737143539614165.png,-1
,obj765737487137000292.png,-1
,obj765737487137002181.png,-1
,obj765738243051245124.png,-1
,obj765738517929154125.png,-1
,obj765738861526535340.png,-1
,obj765738861526535766.png,-1
,obj765739342562875857.png,-1
,obj765739342562876118.png,-1
,obj765739754879733308.png,-1
,obj765740167196591403.png,-1
,obj765740167196592338.png,-1
,obj765740235916070077.png,-1
,obj765740304635543924.png,-1
,obj765740510793976334.png,-1
,obj765740510793976391.png,-1
,obj765740579513452790.png,-1
,obj765741335427698870.png,-1
,obj765741335427699056.png,-1
,obj765741679025082802.png,-1
,obj765741747744557139.png,-1
,obj765741885183513738.png,-1
,obj765742022622466016.png,-1
,obj765742022622466663.png,-1
,obj765742091341941214.png,-1
,obj765743397012001349.png,-1
,obj765743534450953540.png,-1
,obj765743534450953541.png,-1
,obj765743603170432486.png,-1
,obj765744015487288841.png,-1
,obj765745458596304968.png,-1
,obj765745527315781747.png,-1
,obj765745664754735253.png,-1
,obj765746008352118836.png,-1
,obj765746077071591528.png,-1
,obj765746420668975951.png,-1
,obj765749032009090675.png,-1
,obj765749238167524105.png,-1
,obj765749650484382777.png,-1
,obj765749787923336773.png,-1
,obj765749787923338036.png,-1
,obj765749925362291386.png,-1
,obj765750062801242792.png,-1
,obj765750062801243473.png,-1
,obj765750200240195966.png,-1
,obj765750200240195969.png,-1
,obj765750268959673341.png,-1
,obj765750337679131559.png,-1
,obj765750475118102844.png,-1
,obj765750749996012502.png,-1
,obj765753911091942212.png,-1
,obj765754735725664203.png,-1
,obj765754735725664643.png,-1
,obj765755079323045648.png,-1
,obj765755285481478015.png,-1
,obj765755629078862140.png,-1
,obj765755903956767823.png,-1
,obj765756384993103810.png,-1
,obj765756522432056896.png,-1
,obj765756797309962272.png,-1
,obj765756797309965483.png,-1
,obj765757140907345818.png,-1
,obj765757209626823857.png,-1
,obj765757278346284065.png,-1
,obj765757347065780313.png,-1
,obj765757347065780441.png,-1
,obj765757415785253309.png,-1
,obj765759614808510285.png,-1
,obj765759820966941392.png,-1
,obj765759889686415262.png,-1
,obj765760439442233024.png,-1
,obj765762501026532876.png,-1
,obj765764012855019959.png,-1
,obj765764287732928006.png,-1
,obj765764631330310403.png,-1
,obj765764906208218124.png,-1
,obj765766143158801280.png,-1
,obj765766143158801282.png,-1
,obj765766761634092189.png,-1
,obj765768754498918117.png,-1
,obj765768754498918119.png,-1
,obj765769441693685795.png,-1
,obj765769579132637443.png,-1
,obj765769579132637746.png,-1
,obj765770128888453138.png,-1
,obj765770128888453139.png,-1
,obj765770197607927280.png,-1
,obj765770541205312359.png,-1
,obj765771159680602333.png,-1
,obj765772534070136177.png,-1
,obj765773702301240098.png,-1
,obj765774320776534111.png,-1
,obj765774664373915970.png,-1
,obj765775282849207287.png,-1
,obj765775351568681446.png,-1
,obj765775763885541308.png,-1
,obj765775901324495255.png,-1
,obj765776038763448671.png,-1
,obj765777413152984185.png,-1
,obj765777688030893275.png,-1
,obj765777825469843032.png,-1
,obj765777825469846811.png,-1
,obj765778306506178353.png,-1
,obj765778993700948154.png,-1
,obj765779406017809394.png,-1
,obj765780436809960886.png,-1
,obj765781055285248998.png,-1
,obj765781124004728600.png,-1
,obj765782429674789957.png,-1
,obj765782429674790330.png,-1
,obj765782635833220454.png,-1
,obj765783116869554285.png,-1
,obj765783185589034506.png,-1
,obj765783597905872272.png,-1
,obj765785247173332136.png,-1
,obj765785384612285235.png,-1
,obj765785728209669646.png,-1
,obj765786690282345051.png,-1
,obj765786965160250437.png,-1
,obj765786965160250783.png,-1
,obj765787377477093235.png,-1
,obj765788889305597851.png,-1
,obj765790332414612593.png,-1
,obj765790813450951215.png,-1
,obj765794043266356124.png,-1
,obj765794318144260794.png,-1
,obj765794867900076390.png,-1
,obj765795005339031157.png,-1
,obj765795005339031736.png,-1
,obj765795074058505182.png,-1
,obj765795555094842195.png,-1
,obj765795829972732015.png,-1
,obj765795967411700528.png,-1
,obj765796173570137671.png,-1
,obj765796448448043796.png,-1
,obj765796448448043798.png,-1
,obj765796929484376842.png,-1
,obj765796998203855606.png,-1
,obj765797341801242108.png,-1
,obj765798028996005285.png,-1
,obj765798510032342211.png,-1
,obj765798578751821810.png,-1
,obj765798784910249804.png,-1
,obj765798784910251941.png,-1
,obj765798922349202629.png,-1
,obj765799815702398032.png,-1
,obj765799884421879384.png,-1
,obj765800640336125519.png,-1
,obj765801327530891044.png,-1
,obj765801464969841059.png,-1
,obj765802495761996408.png,-1
,obj765802770639901099.png,-1
,obj765803114237285449.png,-1
,obj765803114237285450.png,-1
,obj765803526554143197.png,-1
,obj765803526554143292.png,-1
,obj765805175821586684.png,-1
,obj765805450699490796.png,-1
,obj765805588138445413.png,-1
,obj765806069174783316.png,-1
,obj765806275333210668.png,-1
,obj765806550211118297.png,-1
,obj765806687650070314.png,-1
,obj765807168686415585.png,-1
,obj765808268198040246.png,-1
,obj765808680514905452.png,-1
,obj765810192343388039.png,-1
,obj765810261062865668.png,-1
,obj765810673379729976.png,-1
,obj765810810818678678.png,-1
,obj765811772891354268.png,-1
,obj765812185208216686.png,-1
,obj765814727828852361.png,-1
,obj765816583254724950.png,-1
,obj765816858132629088.png,-1
,obj765816858132630810.png,-1
,obj765817888924780037.png,-1
,obj765818850997455741.png,-1
,obj765819538192220841.png,-1
,obj765819744350650562.png,-1
,obj765819881789610410.png,-1
,obj765819881789611839.png,-1
,obj765820706423328170.png,-1
,obj765824554714026044.png,-1
,obj765825310628273809.png,-1
,obj765825310628273810.png,-1
,obj765829846113750221.png,-1
,obj765830533308499436.png,-1
,obj765830739466933009.png,-1
,obj765831357942223372.png,-1
,obj765832594892806147.png,-1
,obj765839947876813569.png,-1
,obj765840222754719446.png,-1
,obj765845514154431651.png,-1
,obj765846544946583394.png,-1
,obj765848400372449892.png,-1
,obj765851286590457716.png,-1
,obj765851698907336974.png,-1
,obj765852798418960479.png,-1
,obj765853485613734111.png,-1
,obj765864412010529754.png,-1
,obj765865099205302475.png,-1
,obj765866404875359590.png,-1
,obj765867847984365580.png,-1
,obj765868466459656803.png,-1
,obj765874101456750292.png,-1
,obj765880080051226475.png,-1
,obj765880080051228851.png,-1
,obj765881454440760366.png,-1
,obj765881798038143580.png,-1
,obj765888601266338757.png,-1
,obj765898015834651577.png,-1
,obj767264021593215240.png,-1
,obj767265395982750874.png,-1
,obj767267457567050622.png,-1
,obj767267457567052522.png,-1
,obj767268213481295665.png,-1
,obj767268213481296270.png,-1
,obj767268763237107615.png,-1
,obj767269587870833050.png,-1
,obj767270137626643527.png,-1
,obj767270206346118009.png,-1
,obj767270206346119593.png,-1
,obj767270206346119753.png,-1
,obj767271649455135925.png,-1
,obj767271718174606342.png,-1
,obj767271718174609571.png,-1
,obj767271786894082252.png,-1
,obj767272267930423558.png,-1
,obj767272336649896031.png,-1
,obj767272336649899813.png,-1
,obj767272405369374989.png,-1
,obj767272405369377242.png,-1
,obj767272748966758634.png,-1
,obj767272748966758635.png,-1
,obj767273023844665190.png,-1
,obj767273092564142430.png,-1
,obj767273230003093777.png,-1
,obj767273779758911852.png,-1
,obj767273848478386983.png,-1
,obj767274054636815248.png,-1
,obj767274398234182829.png,-1
,obj767274398234200165.png,-1
,obj767274466953676486.png,-1
,obj767274466953676681.png,-1
,obj767274466953676682.png,-1
,obj767274466953677127.png,-1
,obj767274466953678145.png,-1
,obj767274947990019031.png,-1
,obj767275085428970191.png,-1
,obj767275291587401088.png,-1
,obj767275429026355200.png,-1
,obj767275772623734139.png,-1
,obj767275978782162677.png,-1
,obj767276047501641427.png,-1
,obj767276047501645562.png,-1
,obj767276116221124681.png,-1
,obj767276803415891641.png,-1
,obj767276872135364148.png,-1
,obj767276872135366288.png,-1
,obj767277559330130035.png,-1
,obj767278521402804984.png,-1
,obj767279414756000283.png,-1
,obj767279483475478703.png,-1
,obj767279552194953822.png,-1
,obj767279964511815783.png,-1
,obj767280239389721891.png,-1
,obj767280514267627556.png,-1
,obj767281270181876833.png,-1
,obj767281338901351098.png,-1
,obj767281682498733110.png,-1
,obj767282094815597889.png,-1
,obj767282713290883709.png,-1
,obj767283400485654278.png,-1
,obj767284087680419117.png,-1
,obj767284225119373757.png,-1
,obj767284706155713376.png,-1
,obj767284706155715049.png,-1
,obj767284912314144704.png,-1
,obj767285530789434003.png,-1
,obj767285805667336878.png,-1
,obj767286011825768907.png,-1
,obj767286011825769078.png,-1
,obj767286149264721119.png,-1
,obj767286286703678584.png,-1
,obj767286492862106009.png,-1
,obj767286492862106010.png,-1
,obj767286905178965987.png,-1
,obj767286905178969594.png,-1
,obj767287386215302852.png,-1
,obj767287729812691471.png,-1
,obj767288073410074862.png,-1
,obj767288073410074864.png,-1
,obj767288691885363827.png,-1
,obj767289035482747591.png,-1
,obj767289172921699472.png,-1
,obj767289722677516634.png,-1
,obj767289860116467116.png,-1
,obj767291578103389789.png,-1
,obj767291852981295724.png,-1
,obj767291990420247325.png,-1
,obj767292059139724463.png,-1
,obj767292265298155631.png,-1
,obj767292334017633369.png,-1
,obj767292334017633371.png,-1
,obj767292952492925767.png,-1
,obj767293089931877946.png,-1
,obj767293089931878564.png,-1
,obj767293158651353360.png,-1
,obj767293570968214476.png,-1
,obj767293708407167317.png,-1
,obj767293983285070602.png,-1
,obj767294120724022391.png,-1
,obj767294464321407295.png,-1
,obj767294464321411634.png,-1
,obj767294876638268772.png,-1
,obj767294876638268773.png,-1
,obj767295082796697919.png,-1
,obj767295082796698812.png,-1
,obj767295082796699378.png,-1
,obj767295632552513478.png,-1
,obj767296044869375052.png,-1
,obj767296319747278819.png,-1
,obj767296319747284004.png,-1
,obj767296388466757157.png,-1
,obj767296457186235308.png,-1
,obj767296525905711029.png,-1
,obj767296732064144904.png,-1
,obj767296938222573687.png,-1
,obj767297144381001508.png,-1
,obj767297350539437674.png,-1
,obj767297556697860627.png,-1
,obj767297556697864009.png,-1
,obj767297625417337926.png,-1
,obj767297900295247147.png,-1
,obj767299549562690569.png,-1
,obj767299618282164016.png,-1
,obj767300580354841517.png,-1
,obj767300786513269305.png,-1
,obj767300923952227487.png,-1
,obj767301473708036283.png,-1
,obj767301748585944177.png,-1
,obj767302504500188855.png,-1
,obj767302779378095328.png,-1
,obj767303191694955882.png,-1
,obj767304222487106691.png,-1
,obj767304428645533904.png,-1
,obj767305184559782305.png,-1
,obj767305940474025865.png,-1
,obj767305940474027670.png,-1
,obj767306077912977160.png,-1
,obj767306146632456137.png,-1
,obj767306833827220817.png,-1
,obj767307383583039474.png,-1
,obj767307727180417356.png,-1
,obj767308208216756120.png,-1
,obj767308689253091324.png,-1
,obj767308689253091761.png,-1
,obj767308895411522360.png,-1
,obj767309101569955901.png,-1
,obj767309307728386777.png,-1
,obj767309513886812205.png,-1
,obj767309651325765364.png,-1
,obj767310063642629759.png,-1
,obj767310201081581608.png,-1
,obj767310269801055539.png,-1
,obj767310475959484205.png,-1
,obj767311025715301011.png,-1
,obj767311094434779058.png,-1
,obj767312812421695494.png,-1
,obj767312812421698170.png,-1
,obj767312881141174813.png,-1
,obj767313156019080940.png,-1
,obj767313843213851668.png,-1
,obj767314049372279882.png,-1
,obj767314255530710419.png,-1
,obj767314461689142377.png,-1
,obj767314599128091539.png,-1
,obj767314599128091540.png,-1
,obj767314736567046522.png,-1
,obj767315011444954459.png,-1
,obj767315286322861113.png,-1
,obj767315286322861114.png,-1
,obj767315423761810555.png,-1
,obj767316042237105072.png,-1
,obj767316317115010798.png,-1
,obj767316385834488844.png,-1
,obj767316591992921969.png,-1
,obj767316729431869335.png,-1
,obj767317210468206234.png,-1
,obj767317760224021330.png,-1
,obj767318309979833726.png,-1
,obj767319272052511350.png,-1
,obj767319478210940914.png,-1
,obj767319753088847190.png,-1
,obj767321333636811608.png,-1
,obj767321814673152064.png,-1
,obj767321883392625633.png,-1
,obj767322226990012902.png,-1
,obj767322639306868982.png,-1
,obj767322639306873200.png,-1
,obj767322708026347820.png,-1
,obj767322914184779928.png,-1
,obj767322914184781602.png,-1
,obj767324219854816737.png,-1
,obj767324907049603150.png,-1
,obj767325525524891689.png,-1
,obj767326556317045986.png,-1
,obj767326762475474095.png,-1
,obj767326762475476426.png,-1
,obj767326762475476648.png,-1
,obj767327106072859095.png,-1
,obj767327724548151567.png,-1
,obj767327724548151616.png,-1
,obj767327999426059739.png,-1
,obj767328343023438995.png,-1
,obj767328755340301764.png,-1
,obj767329098937684450.png,-1
,obj767330473327217329.png,-1
,obj767330542046698107.png,-1
,obj767330954363557971.png,-1
,obj767331366680422124.png,-1
,obj767331641558326714.png,-1
,obj767331847716756050.png,-1
,obj767332466192042350.png,-1
,obj767332534911520497.png,-1
,obj767333015947860656.png,-1
,obj767333428264722786.png,-1
,obj767333840581576808.png,-1
,obj767334184178962618.png,-1
,obj767334252898439734.png,-1
,obj767334321617916066.png,-1
,obj767335008812683943.png,-1
,obj767335077532166206.png,-1
,obj767335146251637106.png,-1
,obj767335146251638968.png,-1
,obj767335489849019315.png,-1
,obj767335696007450530.png,-1
,obj767335764726924413.png,-1
,obj767335764726928193.png,-1
,obj767335970885355786.png,-1
,obj767336039604834539.png,-1
,obj767336520641171093.png,-1
,obj767336932958031558.png,-1
,obj767337482713847144.png,-1
,obj767337551433302888.png,-1
,obj767337620152795347.png,-1
,obj767337895030704243.png,-1
,obj767338444786517907.png,-1
,obj767338719664426988.png,-1
,obj767338994542332701.png,-1
,obj767339475578671868.png,-1
,obj767339750456580493.png,-1
,obj767340300212393038.png,-1
,obj767340575090296446.png,-1
,obj767340643809773260.png,-1
,obj767340643809773262.png,-1
,obj767340712529252015.png,-1
,obj767340781248730829.png,-1
,obj767341262285064447.png,-1
,obj767342018199312257.png,-1
,obj767342774113556501.png,-1
,obj767344423380997850.png,-1
,obj767344560819929809.png,-1
,obj767345179295238690.png,-1
,obj767345591612099693.png,-1
,obj767347240879544651.png,-1
,obj767347309599024281.png,-1
,obj767347378318497222.png,-1
,obj767347996793789743.png,-1
,obj767348409110646211.png,-1
,obj767348615269080916.png,-1
,obj767348821427506946.png,-1
,obj767349920939132587.png,-1
,obj767350195817041900.png,-1
,obj767350676853378853.png,-1
,obj767351638926051227.png,-1
,obj767352875876633529.png,-1
,obj767354318985645917.png,-1
,obj767354525144078746.png,-1
,obj767354937460937411.png,-1
,obj767355212338849218.png,-1
,obj767355487216731157.png,-1
,obj767355762094656248.png,-1
,obj767355899533613971.png,-1
,obj767356105692042174.png,-1
,obj767356105692042912.png,-1
,obj767356105692042913.png,-1
,obj767356792886810027.png,-1
,obj767356792886811494.png,-1
,obj767356861606283036.png,-1
,obj767357067764718298.png,-1
,obj767357823678959248.png,-1
,obj767358991910065345.png,-1
,obj767359198068494388.png,-1
,obj767359679104833517.png,-1
,obj767361259652796490.png,-1
,obj767361328372271720.png,-1
,obj767362496603376846.png,-1
,obj767362565322852497.png,-1
,obj767362634042331601.png,-1
,obj767362634042331602.png,-1
,obj767363252517620829.png,-1
,obj767364214590278419.png,-1
,obj767364695626635257.png,-1
,obj767365795138262688.png,-1
,obj767366138735645470.png,-1
,obj767367856722561409.png,-1
,obj767368681356282306.png,-1
,obj767369162392622213.png,-1
,obj767369987026342074.png,-1
,obj767370330623722937.png,-1
,obj767370468062679989.png,-1
,obj767370674221106604.png,-1
,obj767370674221107302.png,-1
,obj767370742940582979.png,-1
,obj767370742940583983.png,-1
,obj767370742940583984.png,-1
,obj767370742940587200.png,-1
,obj767371361415872909.png,-1
,obj767371361415872911.png,-1
,obj767371361415874549.png,-1
,obj767371361415875831.png,-1
,obj767371498854827267.png,-1
,obj767371773732738306.png,-1
,obj767372186049598326.png,-1
,obj767372254769074056.png,-1
,obj767372598366456860.png,-1
,obj767372598366456862.png,-1
,obj767372735805409298.png,-1
,obj767373079402791129.png,-1
,obj767373697878084206.png,-1
,obj767373766597559225.png,-1
,obj767374728670232764.png,-1
,obj767375690742908944.png,-1
,obj767375759462389689.png,-1
,obj767375759462389690.png,-1
,obj767375828181866129.png,-1
,obj767376103059771958.png,-1
,obj767376309218200918.png,-1
,obj767376858974020764.png,-1
,obj767377065132446010.png,-1
,obj767377133851903317.png,-1
,obj767377202571401795.png,-1
,obj767377889766165904.png,-1
,obj767378095924604053.png,-1
,obj767378851838846585.png,-1
,obj767378920558321361.png,-1
,obj767379057997270400.png,-1
,obj767379057997270401.png,-1
,obj767379126716730209.png,-1
,obj767379195436221786.png,-1
,obj767379401594658819.png,-1
,obj767380501106283109.png,-1
,obj767380501106283291.png,-1
,obj767381669337386643.png,-1
,obj767382012934766138.png,-1
,obj767382493971109741.png,-1
,obj767382562690580525.png,-1
,obj767383112446402518.png,-1
,obj767383456043785169.png,-1
,obj767384555555391431.png,-1
,obj767384692994364962.png,-1
,obj767384692994365583.png,-1
,obj767386548420216022.png,-1
,obj767386548420237338.png,-1
,obj767387716651341255.png,-1
,obj767388541285061474.png,-1
,obj767390671588837528.png,-1
,obj767390740308313601.png,-1
,obj767392183417326160.png,-1
,obj767392252136804922.png,-1
,obj767393008051050506.png,-1
,obj767393489087385679.png,-1
,obj767394245001629325.png,-1
,obj767394932196396684.png,-1
,obj767395344513257665.png,-1
,obj767396169146974915.png,-1
,obj767396787622265587.png,-1
,obj767397337378080649.png,-1
,obj767397680975448104.png,-1
,obj767398436889708979.png,-1
,obj767398436889711061.png,-1
,obj767398643048140359.png,-1
,obj767399330242907937.png,-1
,obj767399605120813807.png,-1
,obj767399742559764081.png,-1
,obj767400223596102782.png,-1
,obj767404003167327881.png,-1
,obj767404552923141206.png,-1
,obj767406064751628628.png,-1
,obj767406820665872088.png,-1
,obj767408950969653790.png,-1
,obj767410050481280372.png,-1
,obj767411218712386257.png,-1
,obj767411424870814356.png,-1
,obj767411562309768629.png,-1
,obj767411768468195497.png,-1
,obj767411768468198279.png,-1
,obj767411905907151593.png,-1
,obj767411974626623805.png,-1
,obj767412043346104043.png,-1
,obj767413280296684158.png,-1
,obj767413898771973566.png,-1
,obj767414036210931070.png,-1
,obj767414104930407144.png,-1
,obj767414104930409415.png,-1
,obj767417472184765445.png,-1
,obj767418640415872294.png,-1
,obj767419052732729527.png,-1
,obj767419533769066367.png,-1
,obj767420152244357293.png,-1
,obj767420976878078788.png,-1
,obj767422351267617565.png,-1
,obj767425374924590853.png,-1
,obj767425993399880856.png,-1
,obj767427161630984772.png,-1
,obj767427780106276453.png,-1
,obj767428536020518635.png,-1
,obj767429704251623155.png,-1
,obj767430597604822673.png,-1
,obj767431147360637584.png,-1
,obj767431353519069152.png,-1
,obj767431765835927961.png,-1
,obj767431834555402039.png,-1
,obj767431971994359327.png,-1
,obj767432590469646850.png,-1
,obj767434514614994727.png,-1
,obj767437538271970412.png,-1
,obj767437950588833208.png,-1
,obj767439462417318354.png,-1
,obj767439462417320014.png,-1
,obj767440699367901206.png,-1
,obj767440905526333000.png,-1
,obj767441042965286619.png,-1
,obj767441317843190818.png,-1
,obj767441867599005239.png,-1
,obj767442348635341808.png,-1
,obj767444204061215053.png,-1
,obj767450388814124809.png,-1
,obj767450594972533441.png,-1
,obj767450594972534109.png,-1
,obj767450938569935360.png,-1
,obj767451144728369230.png,-1
,obj767453137593173585.png,-1
,obj767453687348986365.png,-1
,obj767454718141137575.png,-1
,obj767454718141156655.png,-1
,obj767455199177495981.png,-1
,obj767455336616450160.png,-1
,obj767455748933289248.png,-1
,obj767456229969646052.png,-1
,obj767456917164394026.png,-1
,obj767458635151313584.png,-1
,obj767459597224009993.png,-1
,obj767461658808306562.png,-1
,obj767462071125168038.png,-1
,obj767462208564121985.png,-1
,obj767462277283599012.png,-1
,obj767462277283600949.png,-1
,obj767462689600458074.png,-1
,obj767462827039413181.png,-1
,obj767463308075745747.png,-1
,obj767463926551038336.png,-1
,obj767464888623714123.png,-1
,obj767464888623714927.png,-1
,obj767465300940572077.png,-1
,obj767465713257434683.png,-1
,obj767466125574295306.png,-1
,obj767467774841735384.png,-1
,obj767468118439120167.png,-1
,obj767469286670206184.png,-1
,obj767470454901333069.png,-1
,obj767471348254508046.png,-1
,obj767471966729818024.png,-1
,obj767472722644061303.png,-1
,obj767472722644061304.png,-1
,obj767472860083012001.png,-1
,obj767473203680381220.png,-1
,obj767473203680395835.png,-1
,obj767473341119332917.png,-1
,obj767473753436217593.png,-1
,obj767473822155688804.png,-1
,obj767473822155689495.png,-1
,obj767473822155689784.png,-1
,obj767474646789407475.png,-1
,obj767475196545223323.png,-1
,obj767475265264701442.png,-1
,obj767475402703653325.png,-1
,obj767476021178943737.png,-1
,obj767476433495806173.png,-1
,obj767478151482706492.png,-1
,obj767478769957994975.png,-1
,obj767481037700747692.png,-1
,obj767486672697839770.png,-1
,obj767486741417314290.png,-1
,obj767488047087374132.png,-1
,obj767488115806852186.png,-1
,obj767488253245803493.png,-1
,obj768872126068315050.png,-1
,obj768872813263082291.png,-1
,obj768872881982557672.png,-1
,obj768872950702034272.png,-1
,obj768873363018894947.png,-1
,obj768873431738369263.png,-1
,obj768873569177325708.png,-1
,obj768874050213665259.png,-1
,obj768874118933136695.png,-1
,obj768874187652612937.png,-1
,obj768874187652615718.png,-1
,obj768874325091569718.png,-1
,obj768874325091569720.png,-1
,obj768874325091570729.png,-1
,obj768874943566857405.png,-1
,obj768875012286337598.png,-1
,obj768875562042131513.png,-1
,obj768875630761625050.png,-1
,obj768875699481105204.png,-1
,obj768876317956393080.png,-1
,obj768876317956394774.png,-1
,obj768876386675866364.png,-1
,obj768876798992712242.png,-1
,obj768876867712209013.png,-1
,obj768876936431687756.png,-1
,obj768877005151161822.png,-1
,obj768877073870636966.png,-1
,obj768877554906976694.png,-1
,obj768877761065406706.png,-1
,obj768878310821220945.png,-1
,obj768879272893894839.png,-1
,obj768879753930226799.png,-1
,obj768880097527613367.png,-1
,obj768880097527614016.png,-1
,obj768880509844475638.png,-1
,obj768880716002905624.png,-1
,obj768881540636624299.png,-1
,obj768882090392439393.png,-1
,obj768882090392440316.png,-1
,obj768882159111919646.png,-1
,obj768882159111919647.png,-1
,obj768882433989806822.png,-1
,obj768882433989824645.png,-1
,obj768882433989829285.png,-1
,obj768882640148254586.png,-1
,obj768883189904068185.png,-1
,obj768883327343023415.png,-1
,obj768883327343023416.png,-1
,obj768883464781974942.png,-1
,obj768883464781977028.png,-1
,obj768883464781977395.png,-1
,obj768883464781978760.png,-1
,obj768883464781978773.png,-1
,obj768883464781978776.png,-1
,obj768883533501450951.png,-1
,obj768883533501451214.png,-1
,obj768883533501451382.png,-1
,obj768883533501455430.png,-1
,obj768883945818315287.png,-1
,obj768883945818315289.png,-1
,obj768884083257268988.png,-1
,obj768884220696222121.png,-1
,obj768884701732559428.png,-1
,obj768886213561042805.png,-1
,obj768886488438949808.png,-1
,obj768886625877907622.png,-1
,obj768887244353196683.png,-1
,obj768887931547964928.png,-1
,obj768888000267439129.png,-1
,obj768888137706393347.png,-1
,obj768888550023251520.png,-1
,obj768889305937495981.png,-1
,obj768889374656971773.png,-1
,obj768889443376449389.png,-1
,obj768889512095928781.png,-1
,obj768889512095930600.png,-1
,obj768889580815405467.png,-1
,obj768889718254360482.png,-1
,obj768889993132265986.png,-1
,obj768890061851739050.png,-1
,obj768890130571216558.png,-1
,obj768890130571218488.png,-1
,obj768890268010170718.png,-1
,obj768890268010174281.png,-1
,obj768890268010175128.png,-1
,obj768890680327033447.png,-1
,obj768890886485462382.png,-1
,obj768891092643892801.png,-1
,obj768891504960753431.png,-1
,obj768891573680230982.png,-1
,obj768891848558137470.png,-1
,obj768892054716564345.png,-1
,obj768892398313949850.png,-1
,obj768892467033428552.png,-1
,obj768892673191859843.png,-1
,obj768893772703483214.png,-1
,obj768895009654067043.png,-1
,obj768895628129358563.png,-1
,obj768895696848835811.png,-1
,obj768895765568314449.png,-1
,obj768896452763076902.png,-1
,obj768896521482554200.png,-1
,obj768896865079938931.png,-1
,obj768897002518894992.png,-1
,obj768897139957847639.png,-1
,obj768897483555234919.png,-1
,obj768897620994186087.png,-1
,obj768897758433139010.png,-1
,obj768897895872094038.png,-1
,obj768897964591565788.png,-1
,obj768898308188949776.png,-1
,obj768900850809594388.png,-1
,obj768901538004360077.png,-1
,obj768901950321216715.png,-1
,obj768902156479649577.png,-1
,obj768902156479652698.png,-1
,obj768902225199124577.png,-1
,obj768902362638078298.png,-1
,obj768902500077031074.png,-1
,obj768902500077031565.png,-1
,obj768902706235463357.png,-1
,obj768902843674419465.png,-1
,obj768902912393891944.png,-1
,obj768903049832847318.png,-1
,obj768903187271796409.png,-1
,obj768903324710752162.png,-1
,obj768903737027611334.png,-1
,obj768903737027613659.png,-1
,obj768903874466566316.png,-1
,obj768903943186044809.png,-1
,obj768904011905522691.png,-1
,obj768904011905522735.png,-1
,obj768904492941859591.png,-1
,obj768904561661331735.png,-1
,obj768904767819764417.png,-1
,obj768905317575576760.png,-1
,obj768905592453483935.png,-1
,obj768906004770347832.png,-1
,obj768907104281975705.png,-1
,obj768907241720930078.png,-1
,obj768907516598835140.png,-1
,obj768907791476739270.png,-1
,obj768907928915693863.png,-1
,obj768908203793600397.png,-1
,obj768908822268892841.png,-1
,obj768909028427320832.png,-1
,obj768909303305228689.png,-1
,obj768909509463661034.png,-1
,obj768909578183133618.png,-1
,obj768909646902616300.png,-1
,obj768909853061039145.png,-1
,obj768910540255811332.png,-1
,obj768911021292152670.png,-1
,obj768911708486913367.png,-1
,obj768912326962204236.png,-1
,obj768913151595924331.png,-1
,obj768915075741275269.png,-1
,obj768915488058139118.png,-1
,obj768915625497085832.png,-1
,obj768917343484010553.png,-1
,obj768918168117728934.png,-1
,obj768918442995634374.png,-1
,obj768918442995635405.png,-1
,obj768918786593021988.png,-1
,obj768918786593026333.png,-1
,obj768918786593026764.png,-1
,obj768918992751450657.png,-1
,obj768919061470927598.png,-1
,obj768919198909878452.png,-1
,obj768919473787791496.png,-1
,obj768920023543598932.png,-1
,obj768920779457842681.png,-1
,obj768920985616272196.png,-1
,obj768921123055227435.png,-1
,obj768922222566854766.png,-1
,obj768922222566856837.png,-1
,obj768922222566856838.png,-1
,obj768922222566858556.png,-1
,obj768922428725288394.png,-1
,obj768923047200576274.png,-1
,obj768924902626451562.png,-1
,obj768924971345926198.png,-1
,obj768925314943313065.png,-1
,obj768925658540689815.png,-1
,obj768925864699120288.png,-1
,obj768926139577029149.png,-1
,obj768926483174413182.png,-1
,obj768927445247086250.png,-1
,obj768927445247086251.png,-1
,obj768927651405515132.png,-1
,obj768927926283424822.png,-1
,obj768927995002900886.png,-1
,obj768928063722377045.png,-1
,obj768928132441854648.png,-1
,obj768928957075576537.png,-1
,obj768929025795055046.png,-1
,obj768930881220923354.png,-1
,obj768930881220925677.png,-1
,obj768930949940401734.png,-1
,obj768931430976741036.png,-1
,obj768931843293600990.png,-1
,obj768932255610459204.png,-1
,obj768932805366270828.png,-1
,obj768934660792144190.png,-1
,obj768934660792147176.png,-1
,obj768934798231098522.png,-1
,obj768934866950574944.png,-1
,obj768934866950576306.png,-1
,obj768934935670054483.png,-1
,obj768935966462200111.png,-1
,obj768936172620634305.png,-1
,obj768936722376445135.png,-1
,obj768936928534878190.png,-1
,obj768937547010166683.png,-1
,obj768937753168596898.png,-1
,obj768938371643888265.png,-1
,obj768938715241275346.png,-1
,obj768939058838653246.png,-1
,obj768939883472375612.png,-1
,obj768941670178771134.png,-1
,obj768942219934583185.png,-1
,obj768942632251443482.png,-1
,obj768942700970923899.png,-1
,obj768943250726734331.png,-1
,obj768943731763054482.png,-1
,obj768945106152606959.png,-1
,obj768945106152606960.png,-1
,obj768945449749989546.png,-1
,obj768945449749989547.png,-1
,obj768945930786328041.png,-1
,obj768948954443304220.png,-1
,obj768949023162782254.png,-1
,obj768949091882239901.png,-1
,obj768951084747084590.png,-1
,obj768951634502898247.png,-1
,obj768951840661330626.png,-1
,obj768951909380804505.png,-1
,obj768952046819754784.png,-1
,obj768953146331391948.png,-1
,obj768953352489815899.png,-1
,obj768955345354644676.png,-1
,obj768956032549406978.png,-1
,obj768956582305222965.png,-1
,obj768956994622081709.png,-1
,obj768957613097373779.png,-1
,obj768957819255805489.png,-1
,obj768958369011619011.png,-1
,obj768961117790689968.png,-1
,obj768963660411326089.png,-1
,obj768964347606095776.png,-1
,obj768964416325569831.png,-1
,obj768964553764505437.png,-1
,obj768964897361912993.png,-1
,obj768964897361912994.png,-1
,obj768964897361912995.png,-1
,obj768964897361912997.png,-1
,obj768965103520337242.png,-1
,obj768965859434581791.png,-1
,obj768965996873537117.png,-1
,obj768965996873539908.png,-1
,obj768966065593011453.png,-1
,obj768966271751442363.png,-1
,obj768966409190395038.png,-1
,obj768966546629349958.png,-1
,obj768966546629349960.png,-1
,obj768966890226734898.png,-1
,obj768967096385165259.png,-1
,obj768967302543591832.png,-1
,obj768967371263069241.png,-1
,obj768967371263073197.png,-1
,obj768968333335744550.png,-1
,obj768968951811034818.png,-1
,obj768969295408420731.png,-1
,obj768969295408423357.png,-1
,obj768969707725277674.png,-1
,obj768970257481091735.png,-1
,obj768970875956387856.png,-1
,obj768972112906966459.png,-1
,obj768972181626442775.png,-1
,obj768972662662776950.png,-1
,obj768972662662777714.png,-1
,obj768972868821213697.png,-1
,obj768973212418592622.png,-1
,obj768973487296498380.png,-1
,obj768973899613360481.png,-1
,obj768974243210743457.png,-1
,obj768975205283419262.png,-1
,obj768975411441848062.png,-1
,obj768975755039237440.png,-1
,obj768975823758711864.png,-1
,obj768975892478188331.png,-1
,obj768975892478190364.png,-1
,obj768976029917140010.png,-1
,obj768976304795046875.png,-1
,obj768976373514520011.png,-1
,obj768976373514520876.png,-1
,obj768976648392427098.png,-1
,obj768976717111908047.png,-1
,obj768976717111910317.png,-1
,obj768977404306671076.png,-1
,obj768977404306675491.png,-1
,obj768977473026130167.png,-1
,obj768977473026150867.png,-1
,obj768977541745626034.png,-1
,obj768977610465105046.png,-1
,obj768977747904058491.png,-1
,obj768977747904058727.png,-1
,obj768978778696206354.png,-1
,obj768978984854640045.png,-1
,obj768978984854640048.png,-1
,obj768979397171500260.png,-1
,obj768979397171500261.png,-1
,obj768979465890978452.png,-1
,obj768979534610452617.png,-1
,obj768979603329932626.png,-1
,obj768979672049403494.png,-1
,obj768979672049404123.png,-1
,obj768980153085740695.png,-1
,obj768980153085742686.png,-1
,obj768980840280508888.png,-1
,obj768980840280509304.png,-1
,obj768981802353182571.png,-1
,obj768982420828476417.png,-1
,obj768982420828476419.png,-1
,obj768982970584290179.png,-1
,obj768983382901153483.png,-1
,obj768983451620629566.png,-1
,obj768984070095920271.png,-1
,obj768984207534871648.png,-1
,obj768984963449119063.png,-1
,obj768985100888069047.png,-1
,obj768985169607543556.png,-1
,obj768985444485449932.png,-1
,obj768985444485451743.png,-1
,obj768986131680216744.png,-1
,obj768987093752894677.png,-1
,obj768987231191851528.png,-1
,obj768987849667138338.png,-1
,obj768990323568311550.png,-1
,obj768990735885160256.png,-1
,obj768990735885160258.png,-1
,obj768991079482544495.png,-1
,obj768991148202021065.png,-1
,obj768991148202021066.png,-1
,obj768991148202021067.png,-1
,obj768991354360450808.png,-1
,obj768991423079908731.png,-1
,obj768991560518886547.png,-1
,obj768991697957838668.png,-1
,obj768991835396793507.png,-1
,obj768992660030507129.png,-1
,obj768992660030507347.png,-1
,obj768992797469464935.png,-1
,obj768993072347371866.png,-1
,obj768994103139519431.png,-1
,obj768994103139519433.png,-1
,obj768994103139520797.png,-1
,obj768994446736901760.png,-1
,obj768994446736901761.png,-1
,obj768994721614818333.png,-1
,obj768994721614818334.png,-1
,obj768994859053762017.png,-1
,obj768994927773243138.png,-1
,obj768995340090101259.png,-1
,obj768996439601731809.png,-1
,obj768996645760161995.png,-1
,obj768996851918593124.png,-1
,obj768997264235450102.png,-1
,obj768997401674405349.png,-1
,obj768998295027606408.png,-1
,obj769000837648241834.png,-1
,obj769001662281966277.png,-1
,obj769003242829927693.png,-1
,obj769003655146785137.png,-1
,obj769004342341556806.png,-1
,obj769004548499982329.png,-1
,obj769005579292137143.png,-1
,obj769007434718007393.png,-1
,obj769008328071207473.png,-1
,obj769008534229639398.png,-1
,obj769010595813937156.png,-1
,obj769011970203474083.png,-1
,obj769012932276146682.png,-1
,obj769013000995620828.png,-1
,obj769013825629343659.png,-1
,obj769014444104635673.png,-1
,obj769015955933123619.png,-1
,obj769016711847369086.png,-1
,obj769017192883703964.png,-1
,obj769017467761609417.png,-1
,obj769017467761609419.png,-1
,obj769017673920040587.png,-1
,obj769018361114807874.png,-1
,obj769018567273238830.png,-1
,obj769018567273238903.png,-1
,obj769019185748526717.png,-1
,obj769019323187481639.png,-1
,obj769019666784867319.png,-1
,obj769020285260153938.png,-1
,obj769020628857540668.png,-1
,obj769020697577014056.png,-1
,obj769020835015969992.png,-1
,obj769021522210737441.png,-1
,obj769022003247056993.png,-1
,obj769022003247057043.png,-1
,obj769022965319730057.png,-1
,obj769023583795043266.png,-1
,obj769024064831376953.png,-1
,obj769024202270329955.png,-1
,obj769024958184575469.png,-1
,obj769025576659865424.png,-1
,obj769025988976723528.png,-1
,obj769026195135153860.png,-1
,obj769026195135154939.png,-1
,obj769026882329923591.png,-1
,obj769027294646783193.png,-1
,obj769027775683120942.png,-1
,obj769028462877885793.png,-1
,obj769028875194730320.png,-1
,obj769029287511611744.png,-1
,obj769032517327016796.png,-1
,obj769033410680211293.png,-1
,obj769033548119165278.png,-1
,obj769033822997074642.png,-1
,obj769033891716549202.png,-1
,obj769033960436027376.png,-1
,obj769034716350272427.png,-1
,obj769034922508701289.png,-1
,obj769034991228176612.png,-1
,obj769036503056665384.png,-1
,obj769039526713642424.png,-1
,obj769040213908407903.png,-1
,obj769041863175852407.png,-1
,obj769042756529030817.png,-1
,obj769042756529047671.png,-1
,obj769044337077016200.png,-1
,obj769044543235443979.png,-1
,obj769044543235445029.png,-1
,obj769044680674396449.png,-1
,obj769045436588623407.png,-1
,obj769045505308118607.png,-1
,obj769046192502884930.png,-1
,obj769048460245598830.png,-1
,obj769052171097361366.png,-1
,obj769052789572653420.png,-1
,obj769054370120618363.png,-1
,obj769054370120620369.png,-1
,obj769054782437478400.png,-1
,obj769054851156955788.png,-1
,obj769055263473816767.png,-1
,obj769055469632246927.png,-1
,obj769055813229629559.png,-1
,obj769055813229630775.png,-1
,obj769055881949102986.png,-1
,obj769056294265946807.png,-1
,obj769056706582824459.png,-1
,obj769057599936025853.png,-1
,obj769058699447649461.png,-1
,obj769059111764511178.png,-1
,obj769059317922943391.png,-1
,obj769059798959260267.png,-1
,obj769060211276142646.png,-1
,obj769062272860422473.png,-1
,obj769062616457826536.png,-1
,obj769062753896780092.png,-1
,obj769063303652593534.png,-1
,obj769063303652593783.png,-1
,obj769064128286316016.png,-1
,obj769064609322651931.png,-1
,obj769065227797942715.png,-1
,obj769067220662747879.png,-1
,obj769067358101720480.png,-1
,obj769067976577009467.png,-1
,obj769068114015966563.png,-1
,obj769068595052281998.png,-1
,obj769072649501429721.png,-1
,obj769073130537748489.png,-1
,obj769073542854631334.png,-1
,obj769074298768873589.png,-1
,obj769074298768874355.png,-1
,obj769074642366259654.png,-1
,obj769074917244163897.png,-1
,obj769074917244164014.png,-1
,obj769075054683116784.png,-1
,obj769075948036311314.png,-1
,obj769076085475264133.png,-1
,obj769076497792128635.png,-1
,obj769076566511602952.png,-1
,obj769077116267416149.png,-1
,obj769077391145323189.png,-1
,obj769077391145323190.png,-1
,obj769077734742708876.png,-1
,obj769078971693289677.png,-1
,obj769079040412767803.png,-1
,obj769079315290671714.png,-1
,obj769079933765966957.png,-1
,obj769080002485441439.png,-1
,obj769080139924374921.png,-1
,obj769080689680210269.png,-1
,obj769081445594432041.png,-1
,obj769081583033386199.png,-1
,obj769081857911312519.png,-1
,obj769082270228175780.png,-1
,obj769082338947648707.png,-1
,obj769082338947648710.png,-1
,obj769082476386607217.png,-1
,obj769082545106081595.png,-1
,obj769082957422921498.png,-1
,obj769083094861894315.png,-1
,obj769083575898231099.png,-1
,obj769083988215091232.png,-1
,obj769086943152590921.png,-1
,obj769087149311018214.png,-1
,obj769087561627880054.png,-1
,obj769087767786292070.png,-1
,obj769088042664218025.png,-1
,obj769088317542126570.png,-1
,obj769088317542127161.png,-1
,obj769088386261582791.png,-1
,obj769088592420030416.png,-1
,obj769088798578463535.png,-1
,obj769089004736891082.png,-1
,obj769089004736891585.png,-1
,obj769089004736894934.png,-1
,obj769089691931659904.png,-1
,obj769090104248502298.png,-1
,obj769090241687477045.png,-1
,obj769090791443288918.png,-1
,obj769090791443290134.png,-1
,obj769090860162766857.png,-1
,obj769090928882244764.png,-1
,obj769092646869159618.png,-1
,obj769093540222356047.png,-1
,obj769094227417107253.png,-1
,obj769094433575556506.png,-1
,obj769095258209276007.png,-1
,obj769097113635128694.png,-1
,obj769097251074081996.png,-1
,obj769098006988347267.png,-1
,obj769099450097359161.png,-1
,obj769099518816832405.png,-1
,obj769100137292124439.png,-1
,obj769100893206366314.png,-1
,obj769101580401131992.png,-1
,obj769101923998521909.png,-1
,obj769101923998523032.png,-1
,obj769102267595902769.png,-1
,obj769104054302304014.png,-1
,obj769104260460729330.png,-1
,obj769104741497065062.png,-1
,obj769104810216545532.png,-1
,obj769110170335726977.png,-1
,obj770494043158239874.png,-1
,obj770494180597191373.png,-1
,obj770494249316667339.png,-1
,obj770494592914048761.png,-1
,obj770494730353004529.png,-1
,obj770494867791954850.png,-1
,obj770494867791954851.png,-1
,obj770494867791954852.png,-1
,obj770494867791957877.png,-1
,obj770494867791958491.png,-1
,obj770494867791959132.png,-1
,obj770494867791959227.png,-1
,obj770494936511434992.png,-1
,obj770495211389342785.png,-1
,obj770495486267249447.png,-1
,obj770496036023060461.png,-1
,obj770496173462016429.png,-1
,obj770496310900970889.png,-1
,obj770496310900971233.png,-1
,obj770496654498353975.png,-1
,obj770496791937304068.png,-1
,obj770496860656783221.png,-1
,obj770496998095735003.png,-1
,obj770497410412595711.png,-1
,obj770497410412596610.png,-1
,obj770497547851548301.png,-1
,obj770497616571024307.png,-1
,obj770497685290504496.png,-1
,obj770498647363179025.png,-1
,obj770498922241090262.png,-1
,obj770499059680042375.png,-1
,obj770499265838472519.png,-1
,obj770499334557951648.png,-1
,obj770500227911142983.png,-1
,obj770500846386437453.png,-1
,obj770501189983820030.png,-1
,obj770502976690214637.png,-1
,obj770502976690214771.png,-1
,obj770503182848642991.png,-1
,obj770503320287595418.png,-1
,obj770503457726546999.png,-1
,obj770503801323934649.png,-1
,obj770503801323936350.png,-1
,obj770503870043408354.png,-1
,obj770504419799226579.png,-1
,obj770504557238181656.png,-1
,obj770504694677135596.png,-1
,obj770505106993993322.png,-1
,obj770505244432950921.png,-1
,obj770506069066671169.png,-1
,obj770507787053584081.png,-1
,obj770508680406780899.png,-1
,obj770508955284689037.png,-1
,obj770509161443116919.png,-1
,obj770509436321028508.png,-1
,obj770509573759981110.png,-1
,obj770509917357362739.png,-1
,obj770510054796318840.png,-1
,obj770510329674222785.png,-1
,obj770510329674228096.png,-1
,obj770510398393698162.png,-1
,obj770511291746903339.png,-1
,obj770511704063759547.png,-1
,obj770512047661142950.png,-1
,obj770512047661143023.png,-1
,obj770512666136433982.png,-1
,obj770514727720738164.png,-1
,obj770514796440214512.png,-1
,obj770514796440216337.png,-1
,obj770515140037595889.png,-1
,obj770515483634980686.png,-1
,obj770515827232363439.png,-1
,obj770515895951845061.png,-1
,obj770516514427131241.png,-1
,obj770516514427131244.png,-1
,obj770516720585561131.png,-1
,obj770516720585563233.png,-1
,obj770516926743993523.png,-1
,obj770517064182941906.png,-1
,obj770517339060852317.png,-1
,obj770517682658233116.png,-1
,obj770518094975097926.png,-1
,obj770518850889340721.png,-1
,obj770518919608815351.png,-1
,obj770519057047769997.png,-1
,obj770519125767242937.png,-1
,obj770519331925677384.png,-1
,obj770519950400970390.png,-1
,obj770520019120442465.png,-1
,obj770520293998350438.png,-1
,obj770521324790504112.png,-1
,obj770521393509979864.png,-1
,obj770522424302126915.png,-1
,obj770522493021608888.png,-1
,obj770522493021610933.png,-1
,obj770522699180034362.png,-1
,obj770523180216373210.png,-1
,obj770523729972190407.png,-1
,obj770523867411141867.png,-1
,obj770523936130620756.png,-1
,obj770524211008527380.png,-1
,obj770524279727998901.png,-1
,obj770524829483816008.png,-1
,obj770525104361721152.png,-1
,obj770525104361725385.png,-1
,obj770525722837012140.png,-1
,obj770526203873348996.png,-1
,obj770526203873350039.png,-1
,obj770526341312300355.png,-1
,obj770526959787593520.png,-1
,obj770527028507072410.png,-1
,obj770528196738178491.png,-1
,obj770529364969280570.png,-1
,obj770529571127709490.png,-1
,obj770529571127712902.png,-1
,obj770530464480912502.png,-1
,obj770530670639337268.png,-1
,obj770531082956199733.png,-1
,obj770531289114627813.png,-1
,obj770532182467829235.png,-1
,obj770532594784688391.png,-1
,obj770532938382068138.png,-1
,obj770533075821004263.png,-1
,obj770533213259980652.png,-1
,obj770533281979454161.png,-1
,obj770533763015790095.png,-1
,obj770534656368987284.png,-1
,obj770535481002712881.png,-1
,obj770535755880623980.png,-1
,obj770535893319571847.png,-1
,obj770535962039051726.png,-1
,obj770536030758526847.png,-1
,obj770536305636430015.png,-1
,obj770536443075391112.png,-1
,obj770536580514338189.png,-1
,obj770536924111721734.png,-1
,obj770536924111721840.png,-1
,obj770536924111723128.png,-1
,obj770538161062304165.png,-1
,obj770538229781778493.png,-1
,obj770538229781781642.png,-1
,obj770538642098638648.png,-1
,obj770538710818117775.png,-1
,obj770538916976544596.png,-1
,obj770538985696022843.png,-1
,obj770540222646601583.png,-1
,obj770540841121895748.png,-1
,obj770541459597183701.png,-1
,obj770542009353002769.png,-1
,obj770542352950382929.png,-1
,obj770542902706197111.png,-1
,obj770544070937301921.png,-1
,obj770544277095733576.png,-1
,obj770544414534686515.png,-1
,obj770545307887880918.png,-1
,obj770545720204747135.png,-1
,obj770545788924220642.png,-1
,obj770546132521604246.png,-1
,obj770547644350090156.png,-1
,obj770547713069569589.png,-1
,obj770547850508519179.png,-1
,obj770550461848640519.png,-1
,obj770550736726543564.png,-1
,obj770550805446017647.png,-1
,obj770551423921311338.png,-1
,obj770551767518699110.png,-1
,obj770552592152415179.png,-1
,obj770554103980901424.png,-1
,obj770554378858810256.png,-1
,obj770554378858810257.png,-1
,obj770557127637883689.png,-1
,obj770559120502704363.png,-1
,obj770559189222182422.png,-1
,obj770560082575382846.png,-1
,obj770560288733811875.png,-1
,obj770560769770149182.png,-1
,obj770560838489623883.png,-1
,obj770561456964911823.png,-1
,obj770561594403866311.png,-1
,obj770562831354452248.png,-1
,obj770563037512880371.png,-1
,obj770563381110267611.png,-1
,obj770564755499800099.png,-1
,obj770564961658229981.png,-1
,obj770565305255613954.png,-1
,obj770566061169856963.png,-1
,obj770566610925672801.png,-1
,obj770567160681485706.png,-1
,obj770567710437300326.png,-1
,obj770569909460555155.png,-1
,obj770570321777413616.png,-1
,obj770570459216369251.png,-1
,obj770572108483812951.png,-1
,obj770572452081193511.png,-1
,obj770573207995439922.png,-1
,obj770573482873344599.png,-1
,obj770574376226540658.png,-1
,obj770574582384975662.png,-1
,obj770574719823928945.png,-1
,obj770575200860269718.png,-1
,obj770576025493984850.png,-1
,obj770578774273051488.png,-1
,obj770579186589911411.png,-1
,obj770579186589911734.png,-1
,obj770579736345728944.png,-1
,obj770580354821021222.png,-1
,obj770580698418405156.png,-1
,obj770580767137877815.png,-1
,obj770581797930029173.png,-1
,obj770581866649506805.png,-1
,obj770582278966371715.png,-1
,obj770583515916949936.png,-1
,obj770584065672759285.png,-1
,obj770584271831187574.png,-1
,obj770584409270149612.png,-1
,obj770585646220725555.png,-1
,obj770586264696015296.png,-1
,obj770586814451832855.png,-1
,obj770587639085551121.png,-1
,obj770588532438747540.png,-1
,obj770588876036133274.png,-1
,obj770589838108806936.png,-1
,obj770591075059388225.png,-1
,obj770592999204736754.png,-1
,obj770594992069568504.png,-1
,obj770595541825375824.png,-1
,obj770595679264330181.png,-1
,obj770595679264330182.png,-1
,obj770595679264330183.png,-1
,obj770597328531753142.png,-1
,obj770597397251249043.png,-1
,obj770597672129157137.png,-1
,obj770597740848633218.png,-1
,obj770599115238167832.png,-1
,obj770600352188747480.png,-1
,obj770600352188747481.png,-1
,obj770600627066654670.png,-1
,obj770602482492526139.png,-1
,obj770604337918398621.png,-1
,obj770604475357351890.png,-1
,obj770604681515785716.png,-1
,obj770604956393685430.png,-1
,obj770605231271596899.png,-1
,obj770605299991071745.png,-1
,obj770605506149500010.png,-1
,obj770605574868979488.png,-1
,obj770606055905314301.png,-1
,obj770606193344266469.png,-1
,obj770606193344267426.png,-1
,obj770606193344268329.png,-1
,obj770606743100083125.png,-1
,obj770606880539037706.png,-1
,obj770606949258513830.png,-1
,obj770608942123339546.png,-1
,obj770609560598629108.png,-1
,obj770610866268689686.png,-1
,obj770611347305024847.png,-1
,obj770611690902410419.png,-1
,obj770612446816652480.png,-1
,obj770612996572466092.png,-1
,obj770612996572466947.png,-1
,obj770613134011419414.png,-1
,obj770614439681476756.png,-1
,obj770614508400956000.png,-1
,obj770615058156768954.png,-1
,obj770615126876247284.png,-1
,obj770615126876248341.png,-1
,obj770615126876248342.png,-1
,obj770616501265782220.png,-1
,obj770618425411133491.png,-1
,obj770619112605899689.png,-1
,obj770619937239616606.png,-1
,obj770620418275956922.png,-1
,obj770620418275957774.png,-1
,obj770620418275958020.png,-1
,obj770621449068106499.png,-1
,obj770621792665491516.png,-1
,obj770622479860256720.png,-1
,obj770622548579734150.png,-1
,obj770624885041944074.png,-1
,obj770624885041945011.png,-1
,obj770627908698921023.png,-1
,obj770628870771592537.png,-1
,obj770629420527409648.png,-1
,obj770630245161126816.png,-1
,obj770630932355893308.png,-1
,obj770632719062292919.png,-1
,obj770632856501250280.png,-1
,obj770633062659675128.png,-1
,obj770633337537584931.png,-1
,obj770633749854446481.png,-1
,obj770634299610255604.png,-1
,obj770634368329732133.png,-1
,obj770634505768685037.png,-1
,obj770636704791938791.png,-1
,obj770636910950372800.png,-1
,obj770639522290490689.png,-1
,obj770639591009961712.png,-1
,obj770640965399497295.png,-1
,obj770641102838452823.png,-1
,obj770641652594268341.png,-1
,obj770641721313743559.png,-1
,obj770643095703279856.png,-1
,obj770643233142233124.png,-1
,obj770644813690197785.png,-1
,obj770645019848627213.png,-1
,obj770645363446013933.png,-1
,obj770645775762868951.png,-1
,obj770645981921301113.png,-1
,obj770646394238157377.png,-1
,obj770646737835544489.png,-1
,obj770647012713451669.png,-1
,obj770649211736705264.png,-1
,obj770650586126241326.png,-1
,obj770650723565196694.png,-1
,obj770651410759960408.png,-1
,obj770653609783217359.png,-1
,obj770654159539027862.png,-1
,obj770654503136416651.png,-1
,obj770654640575368311.png,-1
,obj770654846733796117.png,-1
,obj770655465209091294.png,-1
,obj770656770879147301.png,-1
,obj770657801671300066.png,-1
,obj770659038621877555.png,-1
,obj770659107341355862.png,-1
,obj770659450938742362.png,-1
,obj770660550450369276.png,-1
,obj770661649961976420.png,-1
,obj770662955632052930.png,-1
,obj770663230509964152.png,-1
,obj770663574107346622.png,-1
,obj770663848985252980.png,-1
,obj770664398741065080.png,-1
,obj770664398741067677.png,-1
,obj770664673618973484.png,-1
,obj770665360813738015.png,-1
,obj770666460325365146.png,-1
,obj770666735203276548.png,-1
,obj770667903434378063.png,-1
,obj770668453190192202.png,-1
,obj770669140384941635.png,-1
,obj770669209104440196.png,-1
,obj770669346543390322.png,-1
,obj770669690140775704.png,-1
,obj770670102457635898.png,-1
,obj770670720932924282.png,-1
,obj770671201969262130.png,-1
,obj770671270688738278.png,-1
,obj770671957883507768.png,-1
,obj770673194834086677.png,-1
,obj770673332273042424.png,-1
,obj770673469711993547.png,-1
,obj770673675870423279.png,-1
,obj770674500504148364.png,-1
,obj770677661600075291.png,-1
,obj770678417514301187.png,-1
,obj770678898550655427.png,-1
,obj770678898550655521.png,-1
,obj770679448306472813.png,-1
,obj770681097573913916.png,-1
,obj770682197085540705.png,-1
,obj770682334524495144.png,-1
,obj770682334524496191.png,-1
,obj770682540682924166.png,-1
,obj770683571475074197.png,-1
,obj770683846352981338.png,-1
,obj770684121230893213.png,-1
,obj770684464828274156.png,-1
,obj770684739706178853.png,-1
,obj770687625924205298.png,-1
,obj770687763363155488.png,-1
,obj770688038241059559.png,-1
,obj770688381838445775.png,-1
,obj770688450557920977.png,-1
,obj770689481350074459.png,-1
,obj770689756227981526.png,-1
,obj770690031105868953.png,-1
,obj770690031105885893.png,-1
,obj770690099825365617.png,-1
,obj770690443422750486.png,-1
,obj770693192201824343.png,-1
,obj770693535799203542.png,-1
,obj770693810677113646.png,-1
,obj770693879396588332.png,-1
,obj770693948116044993.png,-1
,obj770693948116062640.png,-1
,obj770694222993968477.png,-1
,obj770694978908213015.png,-1
,obj770695253786103057.png,-1
,obj770695597383506192.png,-1
,obj770695666102984428.png,-1
,obj770696628175651892.png,-1
,obj770696628175654399.png,-1
,obj770697177931449903.png,-1
,obj770697315370402088.png,-1
,obj770697384089898973.png,-1
,obj770697796406758965.png,-1
,obj770697933845710701.png,-1
,obj770698414882049481.png,-1
,obj770698414882051478.png,-1
,obj770700132868972587.png,-1
,obj770700339027381565.png,-1
,obj770700888783192318.png,-1
,obj770700888783214424.png,-1
,obj770701163661118815.png,-1
,obj770701782136410564.png,-1
,obj770702057014316696.png,-1
,obj770702125733794095.png,-1
,obj770702881648036035.png,-1
,obj770702881648038275.png,-1
,obj770702950367513300.png,-1
,obj770703500123328756.png,-1
,obj770703706281755581.png,-1
,obj770704049879142796.png,-1
,obj770704393476528350.png,-1
,obj770704943232341216.png,-1
,obj770705355549198390.png,-1
,obj770705836585518265.png,-1
,obj770706042743964709.png,-1
,obj770706180182919660.png,-1
,obj770706180182919765.png,-1
,obj770707692011410753.png,-1
,obj770707692011411186.png,-1
,obj770707829450363604.png,-1
,obj770707898169840040.png,-1
,obj770707898169840041.png,-1
,obj770708241767223504.png,-1
,obj770709959754143130.png,-1
,obj770709959754144203.png,-1
,obj770710097193097118.png,-1
,obj770710234632048149.png,-1
,obj770710303351530679.png,-1
,obj770710509509958637.png,-1
,obj770710990546294578.png,-1
,obj770711127985246289.png,-1
,obj770711127985248207.png,-1
,obj770711815180015328.png,-1
,obj770711883899489920.png,-1
,obj770711952618967793.png,-1
,obj770712021338447814.png,-1
,obj770712364935830975.png,-1
,obj770712639813714051.png,-1
,obj770713258289005582.png,-1
,obj770714151642222293.png,-1
,obj770714563959081293.png,-1
,obj770714770117512422.png,-1
,obj770714907556465000.png,-1
,obj770715251153852629.png,-1
,obj770715457312280907.png,-1
,obj770717175299179831.png,-1
,obj770717312738152741.png,-1
,obj770717587616042349.png,-1
,obj770717587616059685.png,-1
,obj770717656335536237.png,-1
,obj770718480969257012.png,-1
,obj770718549688735111.png,-1
,obj770718687127688748.png,-1
,obj770719443041928475.png,-1
,obj770719580480885580.png,-1
,obj770719717919841250.png,-1
,obj770720061517222478.png,-1
,obj770720198956176323.png,-1
,obj770721092309372923.png,-1
,obj770722672857339216.png,-1
,obj770723085174199203.png,-1
,obj770723772368965398.png,-1
,obj770724459563734297.png,-1
,obj770725559075359043.png,-1
,obj770725902672747786.png,-1
,obj770726177550633421.png,-1
,obj770726452428558346.png,-1
,obj770727964257045239.png,-1
,obj770728239134950197.png,-1
,obj770728239134952792.png,-1
,obj770728307854428875.png,-1
,obj770728514012859979.png,-1
,obj770728995049198363.png,-1
,obj770728995049200662.png,-1
,obj770729063768675640.png,-1
,obj770729269927103339.png,-1
,obj770729613524487971.png,-1
,obj770730369438731769.png,-1
,obj770730575597162659.png,-1
,obj770730850475068175.png,-1
,obj770731194072434060.png,-1
,obj770731675108771461.png,-1
,obj770731812547743122.png,-1
,obj770732224864585620.png,-1
,obj770732293584060796.png,-1
,obj770732980778848980.png,-1
,obj770733186937278184.png,-1
,obj770733255656754585.png,-1
,obj770733255656754780.png,-1
,obj770733393095709219.png,-1
,obj770733461815167127.png,-1
,obj770733805412566860.png,-1
,obj770735317241059716.png,-1
,obj770735935716346641.png,-1
,obj770736004435824181.png,-1
,obj770736691630593767.png,-1
,obj770736829069546320.png,-1
,obj770738203459079022.png,-1
,obj770738272178553390.png,-1
,obj770739165531754317.png,-1
,obj770739509129136415.png,-1
,obj770739577848614950.png,-1
,obj770746174918379495.png,-1
,obj770747549307915173.png,-1
,obj772123175793216706.png,-1
,obj772123244512694170.png,-1
,obj772123313232171636.png,-1
,obj772123381951649027.png,-1
,obj772123588110076598.png,-1
,obj772123588110076752.png,-1
,obj772123588110079627.png,-1
,obj772123794268511787.png,-1
,obj772124000426937236.png,-1
,obj772124000426937313.png,-1
,obj772124137865890842.png,-1
,obj772124550182753824.png,-1
,obj772125443535950236.png,-1
,obj772125580974905414.png,-1
,obj772125649694381312.png,-1
,obj772125993291764981.png,-1
,obj772126268169669971.png,-1
,obj772126336889153266.png,-1
,obj772126611767055626.png,-1
,obj772126817925484365.png,-1
,obj772126955364436234.png,-1
,obj772127092803393797.png,-1
,obj772127092803393798.png,-1
,obj772127092803394016.png,-1
,obj772127230242347295.png,-1
,obj772127436400779232.png,-1
,obj772127711278683998.png,-1
,obj772127779998163207.png,-1
,obj772128054876066548.png,-1
,obj772128054876069631.png,-1
,obj772128192315020427.png,-1
,obj772128329753974481.png,-1
,obj772128398473449218.png,-1
,obj772128398473449556.png,-1
,obj772128398473449810.png,-1
,obj772128467192930984.png,-1
,obj772128535912406295.png,-1
,obj772128673351355741.png,-1
,obj772128810790309286.png,-1
,obj772129085668218887.png,-1
,obj772129154387692129.png,-1
,obj772129223107169020.png,-1
,obj772129566704558039.png,-1
,obj772130391338276981.png,-1
,obj772130460057751876.png,-1
,obj772130941094090856.png,-1
,obj772131009813563731.png,-1
,obj772131215971999222.png,-1
,obj772131422130426068.png,-1
,obj772131490849905303.png,-1
,obj772131903166760578.png,-1
,obj772131903166760827.png,-1
,obj772131971886239056.png,-1
,obj772132246764146128.png,-1
,obj772132590361531504.png,-1
,obj772132865239437862.png,-1
,obj772133208836821505.png,-1
,obj772133414995249480.png,-1
,obj772133414995249990.png,-1
,obj772133621153679952.png,-1
,obj772133689873162729.png,-1
,obj772134377067925891.png,-1
,obj772134583226356869.png,-1
,obj772134720665307706.png,-1
,obj772134858104263954.png,-1
,obj772135132982167501.png,-1
,obj772135201701650904.png,-1
,obj772135270421119522.png,-1
,obj772135270421119523.png,-1
,obj772135270421120057.png,-1
,obj772136576091183147.png,-1
,obj772136919688565919.png,-1
,obj772136988408043160.png,-1
,obj772137263285948515.png,-1
,obj772137332005429271.png,-1
,obj772137538163853465.png,-1
,obj772137606883332144.png,-1
,obj772137881761242446.png,-1
,obj772138500236534748.png,-1
,obj772138775114433558.png,-1
,obj772138775114436621.png,-1
,obj772138981272866664.png,-1
,obj772138981272868917.png,-1
,obj772139049992344723.png,-1
,obj772139324870251428.png,-1
,obj772139462309208590.png,-1
,obj772139943345539656.png,-1
,obj772139943345539660.png,-1
,obj772140080784497380.png,-1
,obj772140080784497383.png,-1
,obj772140149503975068.png,-1
,obj772140149503975069.png,-1
,obj772140286942924829.png,-1
,obj772140286942927197.png,-1
,obj772140286942927576.png,-1
,obj772140355662404387.png,-1
,obj772140424381880926.png,-1
,obj772140493101356182.png,-1
,obj772140493101356187.png,-1
,obj772140493101357910.png,-1
,obj772140630540312925.png,-1
,obj772140699259788388.png,-1
,obj772141042857170415.png,-1
,obj772141111576646285.png,-1
,obj772141111576648727.png,-1
,obj772141180296119710.png,-1
,obj772141249015596745.png,-1
,obj772141249015597399.png,-1
,obj772141523893505988.png,-1
,obj772141523893509481.png,-1
,obj772141592612985922.png,-1
,obj772142142368795982.png,-1
,obj772142142368798854.png,-1
,obj772142211088274548.png,-1
,obj772142211088274967.png,-1
,obj772143241880427286.png,-1
,obj772143860355716574.png,-1
,obj772143997794650658.png,-1
,obj772144478831006277.png,-1
,obj772144616269957891.png,-1
,obj772144822428393983.png,-1
,obj772144959867345737.png,-1
,obj772145303464730351.png,-1
,obj772145921940017660.png,-1
,obj772145990659496797.png,-1
,obj772146815293214626.png,-1
,obj772146815293216089.png,-1
,obj772146884012696379.png,-1
,obj772147365049029554.png,-1
,obj772147914804841560.png,-1
,obj772147914804843439.png,-1
,obj772147983524318673.png,-1
,obj772148395841178089.png,-1
,obj772148464560661577.png,-1
,obj772148533280131976.png,-1
,obj772148670719086679.png,-1
,obj772148670719089337.png,-1
,obj772148808158040833.png,-1
,obj772149083035948672.png,-1
,obj772149632791760334.png,-1
,obj772151213339726126.png,-1
,obj772151350778681909.png,-1
,obj772151488217628973.png,-1
,obj772152244131878074.png,-1
,obj772152312851353969.png,-1
,obj772152381570833813.png,-1
,obj772152519009782837.png,-1
,obj772152519009782839.png,-1
,obj772152519009782841.png,-1
,obj772152862607168241.png,-1
,obj772152931326642369.png,-1
,obj772152931326643904.png,-1
,obj772153206204551209.png,-1
,obj772153824679841040.png,-1
,obj772153824679841283.png,-1
,obj772153824679841597.png,-1
,obj772153824679844977.png,-1
,obj772153824679845086.png,-1
,obj772154168277223287.png,-1
,obj772154374435657780.png,-1
,obj772154443155129743.png,-1
,obj772154511874608403.png,-1
,obj772155061630421240.png,-1
,obj772155130349900967.png,-1
,obj772155130349902607.png,-1
,obj772155267788852215.png,-1
,obj772155405227804882.png,-1
,obj772155611386239059.png,-1
,obj772155748825190509.png,-1
,obj772155748825192006.png,-1
,obj772155886264142387.png,-1
,obj772156161142049589.png,-1
,obj772156298581001789.png,-1
,obj772156367300479514.png,-1
,obj772156504739433533.png,-1
,obj772156504739434030.png,-1
,obj772156573458909280.png,-1
,obj772156642178387330.png,-1
,obj772156642178387984.png,-1
,obj772157054495250791.png,-1
,obj772157260653683646.png,-1
,obj772157810409493691.png,-1
,obj772158016567924475.png,-1
,obj772158566323741816.png,-1
,obj772158978640597282.png,-1
,obj772159253518508058.png,-1
,obj772159253518511292.png,-1
,obj772159803274319511.png,-1
,obj772160078152227669.png,-1
,obj772160284310654361.png,-1
,obj772160284310654734.png,-1
,obj772161177663856054.png,-1
,obj772161246383334099.png,-1
,obj772161315102809086.png,-1
,obj772161452541761425.png,-1
,obj772161589980714683.png,-1
,obj772162345894957458.png,-1
,obj772162689492338210.png,-1
,obj772162689492340062.png,-1
,obj772162895650770081.png,-1
,obj772162895650773816.png,-1
,obj772163033089724840.png,-1
,obj772163376687106326.png,-1
,obj772163514126059859.png,-1
,obj772164682357163806.png,-1
,obj772166331624611267.png,-1
,obj772166537783033975.png,-1
,obj772166812660948137.png,-1
,obj772167224977801103.png,-1
,obj772167362416758945.png,-1
,obj772168668086797713.png,-1
,obj772169424001058696.png,-1
,obj772169424001061433.png,-1
,obj772169561440020883.png,-1
,obj772170111195828448.png,-1
,obj772170179915304745.png,-1
,obj772171348146407349.png,-1
,obj772171554304841108.png,-1
,obj772171829182744128.png,-1
,obj772172104060652753.png,-1
,obj772172172780129301.png,-1
,obj772172310219082133.png,-1
,obj772172791255423276.png,-1
,obj772172859974897535.png,-1
,obj772172859974897536.png,-1
,obj772173478450186885.png,-1
,obj772173822047572439.png,-1
,obj772174715400767663.png,-1
,obj772174852839705437.png,-1
,obj772174921559199477.png,-1
,obj772175058998153302.png,-1
,obj772175127717628819.png,-1
,obj772175127717630524.png,-1
,obj772175196437087550.png,-1
,obj772176158509781952.png,-1
,obj772176364668212487.png,-1
,obj772176433387686256.png,-1
,obj772177739057745443.png,-1
,obj772177807777222400.png,-1
,obj772178357533036691.png,-1
,obj772178632410942998.png,-1
,obj772179113447276757.png,-1
,obj772179731922569103.png,-1
,obj772180006800477143.png,-1
,obj772180281678387456.png,-1
,obj772180900153673061.png,-1
,obj772180900153675565.png,-1
,obj772180968873149636.png,-1
,obj772180968873150083.png,-1
,obj772180968873150573.png,-1
,obj772181381189993524.png,-1
,obj772181381190012144.png,-1
,obj772181656067916704.png,-1
,obj772181930945828321.png,-1
,obj772181930945829403.png,-1
,obj772182205823737191.png,-1
,obj772182205823737192.png,-1
,obj772182343262689051.png,-1
,obj772182549421116938.png,-1
,obj772182618140594225.png,-1
,obj772183236615884394.png,-1
,obj772184061249602265.png,-1
,obj772184679724898808.png,-1
,obj772185298200186422.png,-1
,obj772185366919661136.png,-1
,obj772185710517045834.png,-1
,obj772186122833905113.png,-1
,obj772186535150766642.png,-1
,obj772186603870241308.png,-1
,obj772186672589701462.png,-1
,obj772186672589722448.png,-1
,obj772187428503968519.png,-1
,obj772187840820826344.png,-1
,obj772188459296114286.png,-1
,obj772188871612982297.png,-1
,obj772189283929836939.png,-1
,obj772189490088269197.png,-1
,obj772189833685649420.png,-1
,obj772189902405125071.png,-1
,obj772190246002513086.png,-1
,obj772190933197277537.png,-1
,obj772192857342628958.png,-1
,obj772192926062103599.png,-1
,obj772193338378966697.png,-1
,obj772193475817917343.png,-1
,obj772193613256870675.png,-1
,obj772193819415300555.png,-1
,obj772194231732163319.png,-1
,obj772195125085359077.png,-1
,obj772195125085360656.png,-1
,obj772195674841176456.png,-1
,obj772195743560651832.png,-1
,obj772195949719082109.png,-1
,obj772196018438556112.png,-1
,obj772196362035943805.png,-1
,obj772196705633322983.png,-1
,obj772196774352806180.png,-1
,obj772197667705998249.png,-1
,obj772199179534494560.png,-1
,obj772200210326644851.png,-1
,obj772200279046123484.png,-1
,obj772201309838271852.png,-1
,obj772201447277217703.png,-1
,obj772201447277219623.png,-1
,obj772201515996698913.png,-1
,obj772201584716173513.png,-1
,obj772201584716175772.png,-1
,obj772202271910942050.png,-1
,obj772202409349893387.png,-1
,obj772202478069370527.png,-1
,obj772202546788845528.png,-1
,obj772203027825187170.png,-1
,obj772203715019952750.png,-1
,obj772203989897862495.png,-1
,obj772207150993789180.png,-1
,obj772207150993789850.png,-1
,obj772207494591174688.png,-1
,obj772207769469080194.png,-1
,obj772207838188555772.png,-1
,obj772208319224895476.png,-1
,obj772208731541753936.png,-1
,obj772208731541756921.png,-1
,obj772211411601345067.png,-1
,obj772211411601346523.png,-1
,obj772211480320823033.png,-1
,obj772211480320823109.png,-1
,obj772211823918208013.png,-1
,obj772212992149317925.png,-1
,obj772213954221984590.png,-1
,obj772213954221985267.png,-1
,obj772214297819370491.png,-1
,obj772214297819370900.png,-1
,obj772214572697276462.png,-1
,obj772214572697278875.png,-1
,obj772214641416753418.png,-1
,obj772215053733612984.png,-1
,obj772216015806286679.png,-1
,obj772216428123146475.png,-1
,obj772216634281580687.png,-1
,obj772216840440007865.png,-1
,obj772217733793210195.png,-1
,obj772217733793210196.png,-1
,obj772218214829545106.png,-1
,obj772220070255415970.png,-1
,obj772220345133323320.png,-1
,obj772221032328092310.png,-1
,obj772221169767044357.png,-1
,obj772221238486521352.png,-1
,obj772221238486521353.png,-1
,obj772221375925473785.png,-1
,obj772221513364424955.png,-1
,obj772221582083907875.png,-1
,obj772221650803383702.png,-1
,obj772221925681286332.png,-1
,obj772222131839718337.png,-1
,obj772222131839719254.png,-1
,obj772222200559197480.png,-1
,obj772222406717624224.png,-1
,obj772223162631871136.png,-1
,obj772223574948728172.png,-1
,obj772223574948729947.png,-1
,obj772224193424018085.png,-1
,obj772224262143499780.png,-1
,obj772224399582450485.png,-1
,obj772224880618787016.png,-1
,obj772225155496694317.png,-1
,obj772225705252509308.png,-1
,obj772225773971983757.png,-1
,obj772225773971983758.png,-1
,obj772226667325182164.png,-1
,obj772227491958904794.png,-1
,obj772228179153670015.png,-1
,obj772228660190006331.png,-1
,obj772229484823725969.png,-1
,obj772229484823727536.png,-1
,obj772229965860065999.png,-1
,obj772230103299021078.png,-1
,obj772230790493786704.png,-1
,obj772230790493789937.png,-1
,obj772233126955996533.png,-1
,obj772234295187098785.png,-1
,obj772235119820818750.png,-1
,obj772236150612974469.png,-1
,obj772236219332449401.png,-1
,obj772236700368785149.png,-1
,obj772236906527217986.png,-1
,obj772236906527219006.png,-1
,obj772238212197273260.png,-1
,obj772239930184191747.png,-1
,obj772240205062099431.png,-1
,obj772240342501053867.png,-1
,obj772240892256865509.png,-1
,obj772241373293202116.png,-1
,obj772241923049020928.png,-1
,obj772242404085351808.png,-1
,obj772242953841169626.png,-1
,obj772243022560644663.png,-1
,obj772243847194370875.png,-1
,obj772244328230704946.png,-1
,obj772245221583901566.png,-1
,obj772245977498144199.png,-1
,obj772247214448728675.png,-1
,obj772251062739427348.png,-1
,obj772251475056283572.png,-1
,obj772254704871693647.png,-1
,obj772255941822273758.png,-1
,obj772256010541751743.png,-1
,obj772256354139131877.png,-1
,obj772256766455994106.png,-1
,obj772258621881864304.png,-1
,obj772259309076612021.png,-1
,obj772259721393492940.png,-1
,obj772260683466164723.png,-1
,obj772261027063553770.png,-1
,obj772261714258298075.png,-1
,obj772261782977796831.png,-1
,obj772263363525762279.png,-1
,obj772263432245217094.png,-1
,obj772263707123146737.png,-1
,obj772264394317913403.png,-1
,obj772264944073725484.png,-1
,obj772266112304829924.png,-1
,obj772267967730701300.png,-1
,obj772270372912385567.png,-1
,obj772270510351340276.png,-1
,obj772270716509772784.png,-1
,obj772270922668203512.png,-1
,obj772275458153662488.png,-1
,obj772276420226339091.png,-1
,obj772277313579536242.png,-1
,obj772277313579536244.png,-1
,obj772277382299014005.png,-1
,obj772278206932736128.png,-1
,obj772278275652209386.png,-1
,obj772281849064999396.png,-1
,obj772283498332441942.png,-1
,obj772284735283025256.png,-1
,obj772285147599881165.png,-1
,obj772285216319359617.png,-1
,obj772288858451626538.png,-1
,obj772289957963252769.png,-1
,obj772290026682731049.png,-1
,obj772290232841163731.png,-1
,obj772291332352791311.png,-1
,obj772291607230696087.png,-1
,obj772291950828063383.png,-1
,obj772293874973426184.png,-1
,obj772293874973426347.png,-1
,obj772294837046105414.png,-1
,obj772295455521393021.png,-1
,obj772295730399301710.png,-1
,obj772295936557733311.png,-1
,obj772297036069362700.png,-1
,obj772297723264126099.png,-1
,obj772299166373138577.png,-1
,obj772299166373138578.png,-1
,obj772299647409471712.png,-1
,obj772300059726335262.png,-1
,obj772302808505406315.png,-1
,obj772304114175462548.png,-1
,obj772305557284470953.png,-1
,obj772305763442906671.png,-1
,obj772306244479241833.png,-1
,obj772306725515578947.png,-1
,obj772308031185641560.png,-1
,obj772308512221979082.png,-1
,obj772309061977786083.png,-1
,obj772309543014123543.png,-1
,obj772309817892032430.png,-1
,obj772309817892032431.png,-1
,obj772309817892032441.png,-1
,obj772309886611509819.png,-1
,obj772310092769941316.png,-1
,obj772311398440000724.png,-1
,obj772312978987962203.png,-1
,obj772313322585326876.png,-1
,obj772313322585347660.png,-1
,obj772313391304802532.png,-1
,obj772313666182733485.png,-1
,obj772313872341158749.png,-1
,obj772315796486510510.png,-1
,obj772316002644943281.png,-1
,obj772316208803369743.png,-1
,obj772316277522845982.png,-1
,obj772316552400750212.png,-1
,obj772316895998134888.png,-1
,obj772317239595519301.png,-1
,obj772317308314994758.png,-1
,obj772317445753959026.png,-1
,obj772317995509766586.png,-1
,obj772318064229243671.png,-1
,obj772318545265579585.png,-1
,obj772319232460343697.png,-1
,obj772319713496678973.png,-1
,obj772319988374589598.png,-1
,obj772320400691448417.png,-1
,obj772320881727787715.png,-1
,obj772322187397846467.png,-1
,obj772322393556257071.png,-1
,obj772322462275750848.png,-1
,obj772322668434180188.png,-1
,obj772322668434180345.png,-1
,obj772322805873135731.png,-1
,obj772323561787360208.png,-1
,obj772323905384763052.png,-1
,obj772324042823715292.png,-1
,obj772324248982147325.png,-1
,obj772324523860034592.png,-1
,obj772325073615849429.png,-1
,obj772325485932727228.png,-1
,obj772326173127498089.png,-1
,obj772326173127498699.png,-1
,obj772326379285924747.png,-1
,obj772326516724876901.png,-1
,obj772326929041738010.png,-1
,obj772327684955984474.png,-1
,obj772328784467611529.png,-1
,obj772328784467611578.png,-1
,obj772329746540287012.png,-1
,obj772329746540287013.png,-1
,obj772330021418192708.png,-1
,obj772330158857144743.png,-1
,obj772330158857145107.png,-1
,obj772330158857145109.png,-1
,obj772330502454525672.png,-1
,obj772330571174005091.png,-1
,obj772330708612959107.png,-1
,obj772330708612959108.png,-1
,obj772330777332438650.png,-1
,obj772331258368755782.png,-1
,obj772331395807727868.png,-1
,obj772331464527202781.png,-1
,obj772332014282999018.png,-1
,obj772332151721973350.png,-1
,obj772332289160925743.png,-1
,obj772333045075168940.png,-1
,obj772333594830984743.png,-1
,obj772333594830984745.png,-1
,obj772333869708891452.png,-1
,obj772333938428348300.png,-1
,obj772334075867319531.png,-1
,obj772334144586796786.png,-1
,obj772334282025750925.png,-1
,obj772334556903656312.png,-1
,obj772334900501039206.png,-1
,obj772335312817901311.png,-1
,obj772335725134766819.png,-1
,obj772336618487962151.png,-1
,obj772336687207435589.png,-1
,obj772336755926909715.png,-1
,obj772337030804802591.png,-1
,obj772337168243778340.png,-1
,obj772337511841138994.png,-1
,obj772337786719044578.png,-1
,obj772337786719064997.png,-1
,obj772338954950168382.png,-1
,obj772339023669647948.png,-1
,obj772339298547533257.png,-1
,obj772339642144916439.png,-1
,obj772339848303368683.png,-1
,obj772340191900751749.png,-1
,obj772341360131853616.png,-1
,obj772341360131854342.png,-1
,obj772341428851331569.png,-1
,obj772341841168189523.png,-1
,obj772342871960344413.png,-1
,obj772342940679820323.png,-1
,obj772343971471971569.png,-1
,obj772344796105671716.png,-1
,obj772344796105691912.png,-1
,obj772344933544627222.png,-1
,obj772345277142029429.png,-1
,obj772345552019936794.png,-1
,obj772346170495224608.png,-1
,obj772346239214700464.png,-1
,obj772346239214700845.png,-1
,obj772346788970516445.png,-1
,obj772347888482125157.png,-1
,obj772347888482146613.png,-1
,obj772348232079524938.png,-1
,obj772348919274295290.png,-1
,obj772349400310633413.png,-1
,obj772350018785903690.png,-1
,obj772350705980691325.png,-1
,obj772352698845518061.png,-1
,obj772353386040285000.png,-1
,obj772353454759763333.png,-1
,obj772353729637670005.png,-1
,obj772354829149274608.png,-1
,obj772355241466157449.png,-1
,obj772355791221968799.png,-1
,obj772356134819352937.png,-1
,obj772357028172554250.png,-1
,obj772357165611503446.png,-1
,obj772357509208889105.png,-1
,obj772357715367318323.png,-1
,obj772358127684177506.png,-1
,obj772358265123134902.png,-1
,obj772358677439992415.png,-1
,obj772358883598421520.png,-1
,obj772359021037372562.png,-1
,obj772359502073714298.png,-1
,obj772359776951618070.png,-1
,obj772360395426910832.png,-1
,obj772360601585321162.png,-1
,obj772360739024297959.png,-1
,obj772360876463246848.png,-1
,obj772362113413829554.png,-1
,obj772362457011209707.png,-1
,obj772363831400746368.png,-1
,obj772363900120223985.png,-1
,obj772364793473417986.png,-1
,obj772366167862956476.png,-1
,obj772367885849872094.png,-1
,obj772369191519929392.png,-1
,obj772369672556270433.png,-1
,obj772371527982138393.png,-1
,obj772372490054812305.png,-1
,obj772374345480687986.png,-1
,obj772381354867310186.png,-1
,obj772383416451615628.png,-1
,obj773758012144777518.png,-1
,obj773758080864246561.png,-1
,obj773758699339533004.png,-1
,obj773758768059011653.png,-1
,obj773759455253778906.png,-1
,obj773759455253784030.png,-1
,obj773760142448545589.png,-1
,obj773760142448550979.png,-1
,obj773760760923834682.png,-1
,obj773762066593893567.png,-1
,obj773762135313375346.png,-1
,obj773762891227614447.png,-1
,obj773762959947094118.png,-1
,obj773763509702905891.png,-1
,obj773764128178192029.png,-1
,obj773764196897670943.png,-1
,obj773765090250876150.png,-1
,obj773765502567732807.png,-1
,obj773765571287207539.png,-1
,obj773765571287210327.png,-1
,obj773765571287211188.png,-1
,obj773765640006682836.png,-1
,obj773765640006683085.png,-1
,obj773765640006685978.png,-1
,obj773765777445640237.png,-1
,obj773766258481976046.png,-1
,obj773766602079361364.png,-1
,obj773766670798832566.png,-1
,obj773767014396215565.png,-1
,obj773767014396219287.png,-1
,obj773767151835168673.png,-1
,obj773767220554649961.png,-1
,obj773767632871508463.png,-1
,obj773767632871509392.png,-1
,obj773767632871509960.png,-1
,obj773767632871510635.png,-1
,obj773767701590984944.png,-1
,obj773767701590986183.png,-1
,obj773767770310445268.png,-1
,obj773767907749415615.png,-1
,obj773767907749416439.png,-1
,obj773767907749416904.png,-1
,obj773767976468894153.png,-1
,obj773768045188369497.png,-1
,obj773768045188375242.png,-1
,obj773768113907849985.png,-1
,obj773768320066274717.png,-1
,obj773768320066278913.png,-1
,obj773768388785753061.png,-1
,obj773768388785754170.png,-1
,obj773768594944183599.png,-1
,obj773768663663658881.png,-1
,obj773768732383137399.png,-1
,obj773768732383138705.png,-1
,obj773769007261043395.png,-1
,obj773769007261043914.png,-1
,obj773769144699997092.png,-1
,obj773769144699997924.png,-1
,obj773769213419473028.png,-1
,obj773769213419473769.png,-1
,obj773769282138948704.png,-1
,obj773769282138949469.png,-1
,obj773769282138950365.png,-1
,obj773769282138951318.png,-1
,obj773769282138951549.png,-1
,obj773769419577906885.png,-1
,obj773769419577907296.png,-1
,obj773769488297378454.png,-1
,obj773769694455793745.png,-1
,obj773769831894761872.png,-1
,obj773769831894764993.png,-1
,obj773769831894765769.png,-1
,obj773769900614237604.png,-1
,obj773769900614238810.png,-1
,obj773769900614239436.png,-1
,obj773769900614239437.png,-1
,obj773769900614240117.png,-1
,obj773769900614240865.png,-1
,obj773769969333720955.png,-1
,obj773770038053193905.png,-1
,obj773770038053194094.png,-1
,obj773770038053194547.png,-1
,obj773770038053196010.png,-1
,obj773770038053196765.png,-1
,obj773770175492150168.png,-1
,obj773770175492151199.png,-1
,obj773770244211624686.png,-1
,obj773770244211625122.png,-1
,obj773770312931100556.png,-1
,obj773770312931104134.png,-1
,obj773770381650579271.png,-1
,obj773770587809006571.png,-1
,obj773770587809010395.png,-1
,obj773770656528484147.png,-1
,obj773770656528485159.png,-1
,obj773770656528486922.png,-1
,obj773770656528486957.png,-1
,obj773770656528488778.png,-1
,obj773770793967438531.png,-1
,obj773770793967438669.png,-1
,obj773770793967440323.png,-1
,obj773770793967441450.png,-1
,obj773771068845341498.png,-1
,obj773771068845342879.png,-1
,obj773771137564819453.png,-1
,obj773771343723253186.png,-1
,obj773771481162203050.png,-1
,obj773771756040116175.png,-1
,obj773771756040117748.png,-1
,obj773771962198547186.png,-1
,obj773772649393310672.png,-1
,obj773773405307553765.png,-1
,obj773773474027029952.png,-1
,obj773773474027032248.png,-1
,obj773773542746510585.png,-1
,obj773773680185458924.png,-1
,obj773773817624417893.png,-1
,obj773774161221799372.png,-1
,obj773774161221799856.png,-1
,obj773774229941278099.png,-1
,obj773774504819184815.png,-1
,obj773774642258136402.png,-1
,obj773774710977612294.png,-1
,obj773774710977615950.png,-1
,obj773774779697091213.png,-1
,obj773774779697091638.png,-1
,obj773774848416563980.png,-1
,obj773774848416565389.png,-1
,obj773774848416565401.png,-1
,obj773774985855517861.png,-1
,obj773775123294474163.png,-1
,obj773775123294477278.png,-1
,obj773775192013947503.png,-1
,obj773775260733425755.png,-1
,obj773775260733426563.png,-1
,obj773775260733428941.png,-1
,obj773775466891857016.png,-1
,obj773775535611333825.png,-1
,obj773775604330810761.png,-1
,obj773775604330811135.png,-1
,obj773775673050284374.png,-1
,obj773775741769763170.png,-1
,obj773775879208717798.png,-1
,obj773776085367145200.png,-1
,obj773776085367146119.png,-1
,obj773776154086606430.png,-1
,obj773776154086620769.png,-1
,obj773776154086621029.png,-1
,obj773776154086621342.png,-1
,obj773776154086622934.png,-1
,obj773776222806099302.png,-1
,obj773776703842436381.png,-1
,obj773776772561896470.png,-1
,obj773776841281390532.png,-1
,obj773776978720345898.png,-1
,obj773777047439821867.png,-1
,obj773777047439823610.png,-1
,obj773777391037208919.png,-1
,obj773777528476159042.png,-1
,obj773777528476159643.png,-1
,obj773777597195633072.png,-1
,obj773777665915114378.png,-1
,obj773777803354062264.png,-1
,obj773777803354065160.png,-1
,obj773777940793022985.png,-1
,obj773778353109877428.png,-1
,obj773778421829352884.png,-1
,obj773778421829353231.png,-1
,obj773778902865695150.png,-1
,obj773778902865695168.png,-1
,obj773779315182554594.png,-1
,obj773779658779939382.png,-1
,obj773779727499417676.png,-1
,obj773779727499419133.png,-1
,obj773779727499419134.png,-1
,obj773779727499419238.png,-1
,obj773779796218889394.png,-1
,obj773779796218889397.png,-1
,obj773779864938367902.png,-1
,obj773780002377324546.png,-1
,obj773780071096797866.png,-1
,obj773780345974707882.png,-1
,obj773780552133135450.png,-1
,obj773781651644764908.png,-1
,obj773781857803198031.png,-1
,obj773781857803198032.png,-1
,obj773781857803198641.png,-1
,obj773782132681102483.png,-1
,obj773782819875869237.png,-1
,obj773782819875869514.png,-1
,obj773782819875869586.png,-1
,obj773782819875871077.png,-1
,obj773782888595345233.png,-1
,obj773783026034294701.png,-1
,obj773783507070634184.png,-1
,obj773783575790117775.png,-1
,obj773783644509591746.png,-1
,obj773783644509593103.png,-1
,obj773784125545925998.png,-1
,obj773784194265402758.png,-1
,obj773784194265404035.png,-1
,obj773784331704356254.png,-1
,obj773784469143311758.png,-1
,obj773784537862790153.png,-1
,obj773784606582262038.png,-1
,obj773784675301740766.png,-1
,obj773784744021215666.png,-1
,obj773784881460169040.png,-1
,obj773785225057553085.png,-1
,obj773785362496504300.png,-1
,obj773785431215987297.png,-1
,obj773785568654938439.png,-1
,obj773785637374416474.png,-1
,obj773785843532847834.png,-1
,obj773786187130227547.png,-1
,obj773786187130230076.png,-1
,obj773786255849704722.png,-1
,obj773786255849707637.png,-1
,obj773786255849709485.png,-1
,obj773786255849709487.png,-1
,obj773786255849709565.png,-1
,obj773786324569180743.png,-1
,obj773786324569185959.png,-1
,obj773786462008139552.png,-1
,obj773786530727612994.png,-1
,obj773786668166565316.png,-1
,obj773786805605519687.png,-1
,obj773786943044482155.png,-1
,obj773786943044483310.png,-1
,obj773787149202901557.png,-1
,obj773787149202902252.png,-1
,obj773787217922379780.png,-1
,obj773787492800285422.png,-1
,obj773787630239239439.png,-1
,obj773787630239240456.png,-1
,obj773787630239241453.png,-1
,obj773787698958717373.png,-1
,obj773787767678195114.png,-1
,obj773787973836627310.png,-1
,obj773788111275577328.png,-1
,obj773788317434007235.png,-1
,obj773788592311913040.png,-1
,obj773788592311917320.png,-1
,obj773788935909296648.png,-1
,obj773788935909300227.png,-1
,obj773789142067730427.png,-1
,obj773789623104066402.png,-1
,obj773789623104066510.png,-1
,obj773790035420928636.png,-1
,obj773790516457269296.png,-1
,obj773790585176739597.png,-1
,obj773790928774129932.png,-1
,obj773790928774132425.png,-1
,obj773791066213082901.png,-1
,obj773791341090985019.png,-1
,obj773791341090985147.png,-1
,obj773791547249411023.png,-1
,obj773791615968893432.png,-1
,obj773791822127319877.png,-1
,obj773791890846795549.png,-1
,obj773792165724701215.png,-1
,obj773792234444179956.png,-1
,obj773792440602613146.png,-1
,obj773792509322089853.png,-1
,obj773792509322091598.png,-1
,obj773793540114237624.png,-1
,obj773793814992148398.png,-1
,obj773794227309005212.png,-1
,obj773794639625870368.png,-1
,obj773794639625871326.png,-1
,obj773794639625871677.png,-1
,obj773794777064824761.png,-1
,obj773794914503776191.png,-1
,obj773795120662206953.png,-1
,obj773795464259587598.png,-1
,obj773795464259589489.png,-1
,obj773795807856976546.png,-1
,obj773795807856976547.png,-1
,obj773796014015400940.png,-1
,obj773796220173830182.png,-1
,obj773796220173833220.png,-1
,obj773796220173834347.png,-1
,obj773796976088077787.png,-1
,obj773796976088078025.png,-1
,obj773797044807555077.png,-1
,obj773797319685458128.png,-1
,obj773797594563367473.png,-1
,obj773797938160752076.png,-1
,obj773798075599701617.png,-1
,obj773798075599706378.png,-1
,obj773798281758133017.png,-1
,obj773798281758135811.png,-1
,obj773798350477612945.png,-1
,obj773798350477613404.png,-1
,obj773798350477618534.png,-1
,obj773798419197086461.png,-1
,obj773798419197087458.png,-1
,obj773798556636022194.png,-1
,obj773798625355516853.png,-1
,obj773799312550285856.png,-1
,obj773800137184007173.png,-1
,obj773800137184010649.png,-1
,obj773800205903486966.png,-1
,obj773800205903486967.png,-1
,obj773800274622962141.png,-1
,obj773800686939824345.png,-1
,obj773800755659302113.png,-1
,obj773800893098251486.png,-1
,obj773800961817727916.png,-1
,obj773801442854067151.png,-1
,obj773802267487784285.png,-1
,obj773802336207262405.png,-1
,obj773802817243601386.png,-1
,obj773802954682554822.png,-1
,obj773802954682554968.png,-1
,obj773802954682556005.png,-1
,obj773802954682556007.png,-1
,obj773803023402028251.png,-1
,obj773803160840986660.png,-1
,obj773803366999413039.png,-1
,obj773803366999417295.png,-1
,obj773803435718891269.png,-1
,obj773803504438365728.png,-1
,obj773803504438367385.png,-1
,obj773803710596797164.png,-1
,obj773803710596800749.png,-1
,obj773803710596802579.png,-1
,obj773803848035748567.png,-1
,obj773803848035748603.png,-1
,obj773804054194183482.png,-1
,obj773804122913654676.png,-1
,obj773804122913655331.png,-1
,obj773804122913655334.png,-1
,obj773804122913655433.png,-1
,obj773804122913656828.png,-1
,obj773804122913658077.png,-1
,obj773804191633135919.png,-1
,obj773804260352615832.png,-1
,obj773804260352615834.png,-1
,obj773804397791565420.png,-1
,obj773804603949992506.png,-1
,obj773804603949993121.png,-1
,obj773804672669471166.png,-1
,obj773804672669471167.png,-1
,obj773804672669471599.png,-1
,obj773804672669472239.png,-1
,obj773804878827903573.png,-1
,obj773804878827904055.png,-1
,obj773804947547375111.png,-1
,obj773805016266854738.png,-1
,obj773805153705809774.png,-1
,obj773805222425287323.png,-1
,obj773805497303193520.png,-1
,obj773805566022671566.png,-1
,obj773805772181099248.png,-1
,obj773806115778483602.png,-1
,obj773806528095342642.png,-1
,obj773806665534297780.png,-1
,obj773806665534298440.png,-1
,obj773807765045925050.png,-1
,obj773808246082260625.png,-1
,obj773808452240694041.png,-1
,obj773809070715981897.png,-1
,obj773809551752320310.png,-1
,obj773809964069182437.png,-1
,obj773810032788655644.png,-1
,obj773810307666565582.png,-1
,obj773810376386039063.png,-1
,obj773810445105519893.png,-1
,obj773810582544469755.png,-1
,obj773810582544470583.png,-1
,obj773810582544472586.png,-1
,obj773810651263947788.png,-1
,obj773810651263947789.png,-1
,obj773810857422380076.png,-1
,obj773810926141854960.png,-1
,obj773810994861331492.png,-1
,obj773811063580804057.png,-1
,obj773811201019758335.png,-1
,obj773811269739237661.png,-1
,obj773811269739238478.png,-1
,obj773811338458711586.png,-1
,obj773811544617144555.png,-1
,obj773811544617148260.png,-1
,obj773811613336620169.png,-1
,obj773811682056100995.png,-1
,obj773811750775574893.png,-1
,obj773811750775575222.png,-1
,obj773811750775576844.png,-1
,obj773811888214525544.png,-1
,obj773811956934004664.png,-1
,obj773811956934005766.png,-1
,obj773812163092436969.png,-1
,obj773812163092437302.png,-1
,obj773812300531391869.png,-1
,obj773812300531391870.png,-1
,obj773812437970341551.png,-1
,obj773813537481971995.png,-1
,obj773813674920921036.png,-1
,obj773814293396213778.png,-1
,obj773815049310455709.png,-1
,obj773816011383128686.png,-1
,obj773816629858426367.png,-1
,obj773816904736332337.png,-1
,obj773817110894758222.png,-1
,obj773817385772670287.png,-1
,obj773817454492141338.png,-1
,obj773817798089529514.png,-1
,obj773817935528481033.png,-1
,obj773817935528481978.png,-1
,obj773818072967435450.png,-1
,obj773818210406387178.png,-1
,obj773818279125865979.png,-1
,obj773819035040113974.png,-1
,obj773819172479061831.png,-1
,obj773819928393306637.png,-1
,obj773820821746503129.png,-1
,obj773821508941270080.png,-1
,obj773821646380225391.png,-1
,obj773821921258131675.png,-1
,obj773822814611326863.png,-1
,obj773823639245049356.png,-1
,obj773824051561911639.png,-1
,obj773824120281388024.png,-1
,obj773824670037199298.png,-1
,obj773824944915111258.png,-1
,obj773825151073518035.png,-1
,obj773825563390403372.png,-1
,obj773825838268305819.png,-1
,obj773826525463070875.png,-1
,obj773827006499412329.png,-1
,obj773827487535747109.png,-1
,obj773827556255224332.png,-1
,obj773827556255224333.png,-1
,obj773827693694176631.png,-1
,obj773827762413657014.png,-1
,obj773828106011041929.png,-1
,obj773828243449988214.png,-1
,obj773828449608421123.png,-1
,obj773828449608422650.png,-1
,obj773828449608422652.png,-1
,obj773828449608422653.png,-1
,obj773828793205806493.png,-1
,obj773829205522666996.png,-1
,obj773829480400572789.png,-1
,obj773829480400575098.png,-1
,obj773830236314798774.png,-1
,obj773830305034294027.png,-1
,obj773830511192724852.png,-1
,obj773830579912203007.png,-1
,obj773830992229061493.png,-1
,obj773831198387493379.png,-1
,obj773832366618595342.png,-1
,obj773832504057549394.png,-1
,obj773833053813363782.png,-1
,obj773833122532835561.png,-1
,obj773834015886039754.png,-1
,obj773834084605515385.png,-1
,obj773834703080803256.png,-1
,obj773835252836620718.png,-1
,obj773836627226157404.png,-1
,obj773836970823537484.png,-1
,obj773837108262489184.png,-1
,obj773837314420922559.png,-1
,obj773837383140404702.png,-1
,obj773838207774121650.png,-1
,obj773838551371501445.png,-1
,obj773839376005222592.png,-1
,obj773839513444179602.png,-1
,obj773840612955809278.png,-1
,obj773840681675281540.png,-1
,obj773841162711614496.png,-1
,obj773841231431095213.png,-1
,obj773841918625862512.png,-1
,obj773842124784291976.png,-1
,obj773842193503767983.png,-1
,obj773842262223246191.png,-1
,obj773842537101151721.png,-1
,obj773842880698537343.png,-1
,obj773842880698537345.png,-1
,obj773843018137489268.png,-1
,obj773843155576442441.png,-1
,obj773843224295919227.png,-1
,obj773843567893303678.png,-1
,obj773843636612784155.png,-1
,obj773844048929639095.png,-1
,obj773844186368593079.png,-1
,obj773844255088072756.png,-1
,obj773844598685453452.png,-1
,obj773844598685454532.png,-1
,obj773844598685455132.png,-1
,obj773844804843885070.png,-1
,obj773844873563359748.png,-1
,obj773845285880220940.png,-1
,obj773845354599698123.png,-1
,obj773846110513940549.png,-1
,obj773846179233423299.png,-1
,obj773846247952895902.png,-1
,obj773847759781383964.png,-1
,obj773848103378767083.png,-1
,obj773848103378767356.png,-1
,obj773849271609872038.png,-1
,obj773849340329350452.png,-1
,obj773849683926733370.png,-1
,obj773849890085163788.png,-1
,obj773850164963066223.png,-1
,obj773850233682547889.png,-1
,obj773850852157837133.png,-1
,obj773850852157839766.png,-1
,obj773851539352602708.png,-1
,obj773851539352606921.png,-1
,obj773851745511031798.png,-1
,obj773851882949990027.png,-1
,obj773851951669465227.png,-1
,obj773852982461619130.png,-1
,obj773854425570631137.png,-1
,obj773854906606965390.png,-1
,obj773855593801730557.png,-1
,obj773856280996480926.png,-1
,obj773856762032838705.png,-1
,obj773857449227603849.png,-1
,obj773857449227604724.png,-1
,obj773857792824988847.png,-1
,obj773858273861322634.png,-1
,obj773858617458709350.png,-1
,obj773858686178188033.png,-1
,obj773858961056074000.png,-1
,obj773859029775565373.png,-1
,obj773859235933996407.png,-1
,obj773859716970333942.png,-1
,obj773860472884580320.png,-1
,obj773860472884581736.png,-1
,obj773860816481963737.png,-1
,obj773861160079349402.png,-1
,obj773861984713068943.png,-1
,obj773861984713068945.png,-1
,obj773862603188361547.png,-1
,obj773862809346790302.png,-1
,obj773862946785743226.png,-1
,obj773862946785743985.png,-1
,obj773863152944173774.png,-1
,obj773863427822080343.png,-1
,obj773863633980510453.png,-1
,obj773866039162196628.png,-1
,obj773866588918007996.png,-1
,obj773867688429641545.png,-1
,obj773869818733416824.png,-1
,obj773869887452895958.png,-1
,obj773870299769753973.png,-1
,obj773870299769753974.png,-1
,obj773870505928180366.png,-1
,obj773870574647660163.png,-1
,obj773870986964519558.png,-1
,obj773874010621496017.png,-1
,obj773874354218878509.png,-1
,obj773876278364228095.png,-1
,obj773877584034288886.png,-1
,obj773877652753771305.png,-1
,obj773877927631674095.png,-1
,obj773878133790100617.png,-1
,obj773878408668017179.png,-1
,obj773878752265392633.png,-1
,obj773879095862778569.png,-1
,obj773879164582253983.png,-1
,obj773879370740686312.png,-1
,obj773879370740686313.png,-1
,obj773880057935448804.png,-1
,obj773880126654928752.png,-1
,obj773880951288647839.png,-1
,obj773882669275567959.png,-1
,obj773882875433994333.png,-1
,obj773883150311907484.png,-1
,obj773883150311908092.png,-1
,obj773883356470313491.png,-1
,obj773883356470335685.png,-1
,obj773883493909288991.png,-1
,obj773883700067716735.png,-1
,obj773883768787193261.png,-1
,obj773883906226153999.png,-1
,obj773884662140391686.png,-1
,obj773884799579345462.png,-1
,obj773885830371500772.png,-1
,obj773886998602602224.png,-1
,obj773887548358415071.png,-1
,obj773887685797368970.png,-1
,obj773888304272655581.png,-1
,obj773890022259577513.png,-1
,obj773890297137482230.png,-1
,obj773890297137482975.png,-1
,obj773890915612780393.png,-1
,obj773890915612780395.png,-1
,obj773891121771205573.png,-1
,obj773891396649111127.png,-1
,obj773891465368596420.png,-1
,obj773892221282832051.png,-1
,obj773893114636031332.png,-1
,obj773896207012486947.png,-1
,obj773897169085161535.png,-1
,obj773897306524111769.png,-1
,obj773899161949988952.png,-1
,obj773899574266844309.png,-1
,obj773899642986322564.png,-1
,obj773900330181087030.png,-1
,obj773900467620023688.png,-1
,obj773900467620044869.png,-1
,obj773900467620045174.png,-1
,obj773901086095333943.png,-1
,obj773902529204345512.png,-1
,obj773903010240677807.png,-1
,obj773903903593858884.png,-1
,obj773904865666531688.png,-1
,obj773905140544462538.png,-1
,obj773906721092426815.png,-1
,obj773906927250857893.png,-1
,obj773907751884579469.png,-1
,obj773908164201435682.png,-1
,obj773910775541551746.png,-1
,obj773910912980485833.png,-1
,obj773911875053159540.png,-1
,obj773912081211610461.png,-1
,obj773915173588064015.png,-1
,obj773915173588065366.png,-1
,obj773917922367132588.png,-1
,obj773921220902015329.png,-1
,obj773921220902016206.png,-1
,obj773923351205797085.png,-1
,obj773923419925273941.png,-1
,obj773924107120038241.png,-1
,obj773925206631667149.png,-1
,obj773925687668000091.png,-1
,obj773926306143290234.png,-1
,obj773926512301725658.png,-1
,obj773932009859860001.png,-1
,obj773932147298814160.png,-1
,obj773932147298814163.png,-1
,obj773933934005210280.png,-1
,obj773934071444164997.png,-1
,obj773934071444166723.png,-1
,obj773934071444166724.png,-1
,obj773934140163638091.png,-1
,obj773934689919456355.png,-1
,obj773937438698522045.png,-1
,obj773937438698523040.png,-1
,obj773939706441255026.png,-1
,obj773939775160733630.png,-1
,obj773940324916546991.png,-1
,obj773941286989222630.png,-1
,obj773941836745033285.png,-1
,obj773941836745034453.png,-1
,obj773941905464509818.png,-1
,obj773944516804628084.png,-1
,obj773944585524105404.png,-1
,obj773945272718870838.png,-1
,obj773947403022648973.png,-1
,obj773947471742127871.png,-1
,obj773950014362764862.png,-1
,obj773950838996489735.png,-1
,obj773953038019724231.png,-1
,obj773954137531372078.png,-1
,obj773955924237766106.png,-1
,obj773956611432533931.png,-1
,obj773957985822069363.png,-1
,obj773958260699956450.png,-1
,obj773958466858386563.png,-1
,obj773958466858405489.png,-1
,obj773959154053174488.png,-1
,obj773959154053174606.png,-1
,obj773959291492125873.png,-1
,obj773960940759575202.png,-1
,obj773961834112765351.png,-1
,obj773963139782824521.png,-1
,obj773963139782826245.png,-1
,obj773964857769724522.png,-1
,obj773964926489218690.png,-1
,obj773965338806080511.png,-1
,obj773965613683983951.png,-1
,obj773966094720325239.png,-1
,obj773967743987763034.png,-1
,obj773967812707239497.png,-1
,obj773969049657821546.png,-1
,obj773969049657821547.png,-1
,obj773969255816249377.png,-1
,obj773969393255205362.png,-1
,obj773969530694158353.png,-1
,obj773970836364215423.png,-1
,obj773970973803170090.png,-1
,obj773971042522630357.png,-1
,obj773972691790089361.png,-1
,obj773973035387475216.png,-1
,obj773975028252300844.png,-1
,obj773975028252300848.png,-1
,obj773975990324974260.png,-1
,obj773977364714506847.png,-1
,obj773977639592415893.png,-1
,obj773978876542996028.png,-1
,obj773979357579313735.png,-1
,obj773979426298807704.png,-1
,obj773980044774099795.png,-1
,obj773980319652011126.png,-1
,obj773980319652011187.png,-1
,obj773980938127295039.png,-1
,obj773981006846775076.png,-1
,obj773981144285728666.png,-1
,obj773981419163634057.png,-1
,obj773981487883110923.png,-1
,obj773981556602586876.png,-1
,obj773981556602588089.png,-1
,obj773981625322068517.png,-1
,obj773982106358383716.png,-1
,obj773982243797336457.png,-1
,obj773982312516834347.png,-1
,obj773982449955787858.png,-1
,obj773982793553166928.png,-1
,obj773982793553168621.png,-1
,obj773982999711601244.png,-1
,obj773982999711601245.png,-1
,obj773982999711604552.png,-1
,obj773983480747940035.png,-1
,obj773983480747940036.png,-1
,obj773983480747940174.png,-1
,obj773984236662180530.png,-1
,obj773985198734857013.png,-1
,obj773985473612764010.png,-1
,obj773985679771192760.png,-1
,obj773985748490671125.png,-1
,obj773986298246483444.png,-1
,obj773986504404913642.png,-1
,obj773986641843847572.png,-1
,obj773986641843847645.png,-1
,obj773986848002278174.png,-1
,obj773986848002295808.png,-1
,obj773986985441251727.png,-1
,obj773987260319159419.png,-1
,obj773987535197065402.png,-1
,obj773987535197065403.png,-1
,obj773987603916522218.png,-1
,obj773987672636017477.png,-1
,obj773988016233404277.png,-1
,obj773988497269740041.png,-1
,obj773989321903462593.png,-1
,obj773989321903462678.png,-1
,obj773989390622936812.png,-1
,obj773990077817702903.png,-1
,obj773990283976135760.png,-1
,obj773990352695591371.png,-1
,obj773991177329329774.png,-1
,obj773991658365669867.png,-1
,obj773992345560434145.png,-1
,obj773992482999390548.png,-1
,obj773992689157819154.png,-1
,obj773992757877296980.png,-1
,obj773993032755206022.png,-1
,obj773993101474660676.png,-1
,obj773993101474680264.png,-1
,obj773993238913635620.png,-1
,obj773993307633110262.png,-1
,obj773993445072063217.png,-1
,obj773993651230474700.png,-1
,obj773994750742102621.png,-1
,obj773994750742123765.png,-1
,obj773995231778459047.png,-1
,obj773995369217415682.png,-1
,obj773995437936889074.png,-1
,obj773995575375843057.png,-1
,obj773995918973227115.png,-1
,obj773996056412182302.png,-1
,obj773996125131637050.png,-1
,obj773996743606946707.png,-1
,obj773996949765375650.png,-1
,obj773997362082236485.png,-1
,obj773997499521192435.png,-1
,obj773997636960146162.png,-1
,obj773997636960146635.png,-1
,obj773997843118572995.png,-1
,obj773997980557509614.png,-1
,obj773998117996480828.png,-1
,obj773998805191251923.png,-1
,obj773999354947068053.png,-1
,obj774000042141813169.png,-1
,obj774000110861306743.png,-1
,obj774000248300261637.png,-1
,obj774000385739215777.png,-1
,obj774000866775550810.png,-1
,obj774001004214505741.png,-1
,obj774001072933962763.png,-1
,obj774001347811888014.png,-1
,obj774001553970301246.png,-1
,obj774001622689798287.png,-1
,obj774002378604039702.png,-1
,obj774003065798790191.png,-1
,obj774003821713050403.png,-1
,obj774004302749384109.png,-1
,obj774004577627296087.png,-1
,obj774005883297335865.png,-1
,obj774007120247915541.png,-1
,obj774007463845314888.png,-1
,obj774007532564794531.png,-1
,obj774007738723224029.png,-1
,obj774007807442703148.png,-1
,obj774010418782817114.png,-1
,obj774011037258108491.png,-1
,obj774013786037158448.png,-1
,obj774014541951417830.png,-1
,obj774015160426711699.png,-1
,obj774016053779907368.png,-1
,obj774018252803166739.png,-1
,obj774022994447060711.png,-1
,obj774023406763921510.png,-1
,obj774025399628745593.png,-1
,obj774025743226130987.png,-1
,obj774043541570603203.png,-1
,obj775407348305905398.png,-1
,obj775414151534102603.png,-1
,obj775414151534102604.png,-1
,obj775414151534102652.png,-1
,obj775414288973058648.png,-1
,obj775414357692535951.png,-1
,obj775414426412010508.png,-1
,obj775414495131490157.png,-1
,obj775414495131490457.png,-1
,obj775414563850965140.png,-1
,obj775414838728866272.png,-1
,obj775414838728867152.png,-1
,obj775414838728870177.png,-1
,obj775414838728870609.png,-1
,obj775414907448350335.png,-1
,obj775414907448351359.png,-1
,obj775414907448351718.png,-1
,obj775414907448351765.png,-1
,obj775414976167821060.png,-1
,obj775414976167823288.png,-1
,obj775414976167823756.png,-1
,obj775414976167824091.png,-1
,obj775414976167824213.png,-1
,obj775414976167826170.png,-1
,obj775415182326251906.png,-1
,obj775415182326253665.png,-1
,obj775415182326254099.png,-1
,obj775415182326254328.png,-1
,obj775415182326255108.png,-1
,obj775415525923634357.png,-1
,obj775415525923635178.png,-1
,obj775415525923636080.png,-1
,obj775415525923636820.png,-1
,obj775415525923637069.png,-1
,obj775415525923637866.png,-1
,obj775415525923637895.png,-1
,obj775415525923637935.png,-1
,obj775415525923639259.png,-1
,obj775415594643111973.png,-1
,obj775415594643112141.png,-1
,obj775415594643113279.png,-1
,obj775415594643113464.png,-1
,obj775415594643113574.png,-1
,obj775415594643113659.png,-1
,obj775415594643114126.png,-1
,obj775415663362591752.png,-1
,obj775415732082064751.png,-1
,obj775415732082066139.png,-1
,obj775415732082066873.png,-1
,obj775415732082069041.png,-1
,obj775415869521018354.png,-1
,obj775415869521018686.png,-1
,obj775416213118403753.png,-1
,obj775416213118403809.png,-1
,obj775416213118404262.png,-1
,obj775416213118404480.png,-1
,obj775416213118404481.png,-1
,obj775416213118404582.png,-1
,obj775416213118406537.png,-1
,obj775416213118407552.png,-1
,obj775416213118407738.png,-1
,obj775416213118408166.png,-1
,obj775416281837880090.png,-1
,obj775416281837881985.png,-1
,obj775416281837882905.png,-1
,obj775416281837883295.png,-1
,obj775416281837883579.png,-1
,obj775416350557355654.png,-1
,obj775416350557357272.png,-1
,obj775416419276832154.png,-1
,obj775416419276832679.png,-1
,obj775416487996309811.png,-1
,obj775416487996309812.png,-1
,obj775416487996311554.png,-1
,obj775416556715788071.png,-1
,obj775416556715788388.png,-1
,obj775416900313169722.png,-1
,obj775416969032644599.png,-1
,obj775416969032648287.png,-1
,obj775417037752121934.png,-1
,obj775417037752122098.png,-1
,obj775417037752122137.png,-1
,obj775417037752122187.png,-1
,obj775417037752125032.png,-1
,obj775417037752126235.png,-1
,obj775417106471603058.png,-1
,obj775417106471603091.png,-1
,obj775417587507942593.png,-1
,obj775417656227417174.png,-1
,obj775417724946892426.png,-1
,obj775417724946892487.png,-1
,obj775418205983232429.png,-1
,obj775418893177996482.png,-1
,obj775421160920733285.png,-1
,obj775421435798637027.png,-1
,obj775421573237591822.png,-1
,obj775421710676543738.png,-1
,obj775421779396019746.png,-1
,obj775421848115497604.png,-1
,obj775421848115500451.png,-1
,obj775421916834972302.png,-1
,obj775421916834972652.png,-1
,obj775421916834974045.png,-1
,obj775421916834974357.png,-1
,obj775421985554451951.png,-1
,obj775421985554452524.png,-1
,obj775421985554454453.png,-1
,obj775422054273926289.png,-1
,obj775422054273931318.png,-1
,obj775422122993407465.png,-1
,obj775422329151836892.png,-1
,obj775422397871313277.png,-1
,obj775422397871315612.png,-1
,obj775422466590788923.png,-1
,obj775422466590791119.png,-1
,obj775422535310265151.png,-1
,obj775422672749217162.png,-1
,obj775422672749219486.png,-1
,obj775422741468697022.png,-1
,obj775422810188171697.png,-1
,obj775422878907646316.png,-1
,obj775423153785555619.png,-1
,obj775423222505031009.png,-1
,obj775423222505032735.png,-1
,obj775423222505033809.png,-1
,obj775423222505034061.png,-1
,obj775423222505034217.png,-1
,obj775423291224506838.png,-1
,obj775423291224507120.png,-1
,obj775423291224508724.png,-1
,obj775423359943985046.png,-1
,obj775423359943986787.png,-1
,obj775423497382940921.png,-1
,obj775423497382941514.png,-1
,obj775423566102414059.png,-1
,obj775423566102416242.png,-1
,obj775423634821895448.png,-1
,obj775423634821895570.png,-1
,obj775423772260849283.png,-1
,obj775423772260849284.png,-1
,obj775423840980321360.png,-1
,obj775423840980324517.png,-1
,obj775423909699799352.png,-1
,obj775424047138754153.png,-1
,obj775424047138755432.png,-1
,obj775424115858228967.png,-1
,obj775424115858231654.png,-1
,obj775424184577703987.png,-1
,obj775424184577705440.png,-1
,obj775424184577707995.png,-1
,obj775424184577708200.png,-1
,obj775424390736136977.png,-1
,obj775424390736137566.png,-1
,obj775424390736138471.png,-1
,obj775424390736138839.png,-1
,obj775424459455615268.png,-1
,obj775424528175091745.png,-1
,obj775424665614046566.png,-1
,obj775424734333522220.png,-1
,obj775424803052996604.png,-1
,obj775424803052996605.png,-1
,obj775424803052996817.png,-1
,obj775424940491952077.png,-1
,obj775425077930905620.png,-1
,obj775425077930905991.png,-1
,obj775425077930906322.png,-1
,obj775425215369857289.png,-1
,obj775425284089333435.png,-1
,obj775425284089335060.png,-1
,obj775425352808814349.png,-1
,obj775425352808814937.png,-1
,obj775425421528287736.png,-1
,obj775425421528288688.png,-1
,obj775425421528288921.png,-1
,obj775425421528289217.png,-1
,obj775425421528289349.png,-1
,obj775425490247763417.png,-1
,obj775425490247764563.png,-1
,obj775425627686714547.png,-1
,obj775425696406199400.png,-1
,obj775425765125674573.png,-1
,obj775425902564621704.png,-1
,obj775425902564624500.png,-1
,obj775425902564624528.png,-1
,obj775425902564627081.png,-1
,obj775425971284100518.png,-1
,obj775425971284103367.png,-1
,obj775426040003577269.png,-1
,obj775426040003578549.png,-1
,obj775426040003579738.png,-1
,obj775426108723054493.png,-1
,obj775426108723054519.png,-1
,obj775426177442531041.png,-1
,obj775426177442534230.png,-1
,obj775426246162009170.png,-1
,obj775426314881484667.png,-1
,obj775426314881485013.png,-1
,obj775426314881486650.png,-1
,obj775426521039918471.png,-1
,obj775426521039919289.png,-1
,obj775426521039920614.png,-1
,obj775426589759393028.png,-1
,obj775426589759393677.png,-1
,obj775426658478866438.png,-1
,obj775426658478868261.png,-1
,obj775426727198344004.png,-1
,obj775426727198347429.png,-1
,obj775426727198349868.png,-1
,obj775426795917822775.png,-1
,obj775426795917822925.png,-1
,obj775426795917825646.png,-1
,obj775426795917828385.png,-1
,obj775426795917828412.png,-1
,obj775426864637300551.png,-1
,obj775426933356774398.png,-1
,obj775427002076251864.png,-1
,obj775427002076254889.png,-1
,obj775427002076255300.png,-1
,obj775427345673637201.png,-1
,obj775427345673637768.png,-1
,obj775427414393110443.png,-1
,obj775427414393111159.png,-1
,obj775427483112588719.png,-1
,obj775427483112589617.png,-1
,obj775427483112589809.png,-1
,obj775427826709974810.png,-1
,obj775428239026817449.png,-1
,obj775428307746318199.png,-1
,obj775428513904739388.png,-1
,obj775428582624199118.png,-1
,obj775428651343697234.png,-1
,obj775428720063173552.png,-1
,obj775428926221604599.png,-1
,obj775429063660556460.png,-1
,obj775429201099507507.png,-1
,obj775429269818986265.png,-1
,obj775429407257941057.png,-1
,obj775429475977418735.png,-1
,obj775429613416374065.png,-1
,obj775429613416374070.png,-1
,obj775429819574799047.png,-1
,obj775430094452689561.png,-1
,obj775430163172184566.png,-1
,obj775430231891664537.png,-1
,obj775430231891666029.png,-1
,obj775430300611140473.png,-1
,obj775430438050093902.png,-1
,obj775430506769563393.png,-1
,obj775430781647475264.png,-1
,obj775430850366950709.png,-1
,obj775430850366953131.png,-1
,obj775430987805910158.png,-1
,obj775430987805910239.png,-1
,obj775431056525381677.png,-1
,obj775431193964337795.png,-1
,obj775431675000670343.png,-1
,obj775431675000672936.png,-1
,obj775431675000674725.png,-1
,obj775432018598060782.png,-1
,obj775432087317532501.png,-1
,obj775432156037009177.png,-1
,obj775432362195438725.png,-1
,obj775432362195439709.png,-1
,obj775432362195441897.png,-1
,obj775432430914916610.png,-1
,obj775432499634392058.png,-1
,obj775432499634393953.png,-1
,obj775432499634395528.png,-1
,obj775432705792825625.png,-1
,obj775432911951252967.png,-1
,obj775432911951256136.png,-1
,obj775433049390206269.png,-1
,obj775433118109682571.png,-1
,obj775433186829162977.png,-1
,obj775433255548636404.png,-1
,obj775433324268112024.png,-1
,obj775433324268114731.png,-1
,obj775433667865497650.png,-1
,obj775433667865497889.png,-1
,obj775433667865502076.png,-1
,obj775433805304456531.png,-1
,obj775434011462877984.png,-1
,obj775434080182355641.png,-1
,obj775434423779741346.png,-1
,obj775434423779741426.png,-1
,obj775434423779741978.png,-1
,obj775434492499218467.png,-1
,obj775434561218693855.png,-1
,obj775434561218695395.png,-1
,obj775434767377127312.png,-1
,obj775434904816083185.png,-1
,obj775435248413464499.png,-1
,obj775435317132938249.png,-1
,obj775435385852414614.png,-1
,obj775435454571898404.png,-1
,obj775435592010847621.png,-1
,obj775435660730321868.png,-1
,obj775435660730326731.png,-1
,obj775435660730327012.png,-1
,obj775435660730327013.png,-1
,obj775435660730327014.png,-1
,obj775435798169278080.png,-1
,obj775435866888750032.png,-1
,obj775435866888750973.png,-1
,obj775435866888751036.png,-1
,obj775435866888752551.png,-1
,obj775436141766665372.png,-1
,obj775436210486143142.png,-1
,obj775436279205619351.png,-1
,obj775436347925090615.png,-1
,obj775436347925091910.png,-1
,obj775436347925093337.png,-1
,obj775436416644565934.png,-1
,obj775436416644566602.png,-1
,obj775436416644568248.png,-1
,obj775436416644568444.png,-1
,obj775436485364040272.png,-1
,obj775436485364040530.png,-1
,obj775436485364041961.png,-1
,obj775436554083517991.png,-1
,obj775436554083518671.png,-1
,obj775436554083518677.png,-1
,obj775436554083518683.png,-1
,obj775436554083520342.png,-1
,obj775436622802994115.png,-1
,obj775436691522476666.png,-1
,obj775436760241950646.png,-1
,obj775436760241954327.png,-1
,obj775436760241954678.png,-1
,obj775436828961430132.png,-1
,obj775436966400381714.png,-1
,obj775436966400381904.png,-1
,obj775437035119854741.png,-1
,obj775437035119855909.png,-1
,obj775437035119857787.png,-1
,obj775437035119857865.png,-1
,obj775437103839332602.png,-1
,obj775437103839334685.png,-1
,obj775437103839335181.png,-1
,obj775437309997760805.png,-1
,obj775437309997764534.png,-1
,obj775437309997764893.png,-1
,obj775437378717242424.png,-1
,obj775437516156191487.png,-1
,obj775437516156191803.png,-1
,obj775437516156193866.png,-1
,obj775437516156195446.png,-1
,obj775437584875670191.png,-1
,obj775437584875670249.png,-1
,obj775437584875673545.png,-1
,obj775437653595150870.png,-1
,obj775437722314623438.png,-1
,obj775437722314624175.png,-1
,obj775437722314624228.png,-1
,obj775437722314626426.png,-1
,obj775437722314626946.png,-1
,obj775437722314627072.png,-1
,obj775437859753578688.png,-1
,obj775437859753581026.png,-1
,obj775437928473053570.png,-1
,obj775437997192535233.png,-1
,obj775438065912010914.png,-1
,obj775438134631487166.png,-1
,obj775438203350965663.png,-1
,obj775438203350968929.png,-1
,obj775438203350969775.png,-1
,obj775438203350969776.png,-1
,obj775438272070438939.png,-1
,obj775438272070439523.png,-1
,obj775438272070439647.png,-1
,obj775438272070440564.png,-1
,obj775438272070443339.png,-1
,obj775438340789913305.png,-1
,obj775438340789913502.png,-1
,obj775438340789913925.png,-1
,obj775438340789914719.png,-1
,obj775438340789915081.png,-1
,obj775438340789915529.png,-1
,obj775438340789915948.png,-1
,obj775438409509392838.png,-1
,obj775438409509393084.png,-1
,obj775438409509393396.png,-1
,obj775438409509393400.png,-1
,obj775438478228866101.png,-1
,obj775438890545729153.png,-1
,obj775438890545729682.png,-1
,obj775438890545730253.png,-1
,obj775438890545731981.png,-1
,obj775438959265206729.png,-1
,obj775438959265206831.png,-1
,obj775438959265207522.png,-1
,obj775438959265207802.png,-1
,obj775438959265209088.png,-1
,obj775438959265211008.png,-1
,obj775438959265211061.png,-1
,obj775439027984683659.png,-1
,obj775439027984684190.png,-1
,obj775439027984684809.png,-1
,obj775439027984685443.png,-1
,obj775439027984685887.png,-1
,obj775439027984687635.png,-1
,obj775439027984687642.png,-1
,obj775439027984687664.png,-1
,obj775439027984688717.png,-1
,obj775439096704157819.png,-1
,obj775439096704160901.png,-1
,obj775439096704161680.png,-1
,obj775439509021021161.png,-1
,obj775439577740498056.png,-1
,obj775439577740498767.png,-1
,obj775439646459971138.png,-1
,obj775439646459972019.png,-1
,obj775439646459973346.png,-1
,obj775439646459973972.png,-1
,obj775439715179450098.png,-1
,obj775439715179450256.png,-1
,obj775439715179451238.png,-1
,obj775439715179451285.png,-1
,obj775439715179452285.png,-1
,obj775439715179453243.png,-1
,obj775439715179453669.png,-1
,obj775439715179454043.png,-1
,obj775439715179454044.png,-1
,obj775439783898924069.png,-1
,obj775439783898928451.png,-1
,obj775439921337881089.png,-1
,obj775439990057356946.png,-1
,obj775439990057359473.png,-1
,obj775440196215790635.png,-1
,obj775440264935266899.png,-1
,obj775440264935267342.png,-1
,obj775440264935267514.png,-1
,obj775440264935267927.png,-1
,obj775440264935268003.png,-1
,obj775440264935268146.png,-1
,obj775440264935268611.png,-1
,obj775440333654741003.png,-1
,obj775440333654741320.png,-1
,obj775440333654743320.png,-1
,obj775440333654743901.png,-1
,obj775440333654744101.png,-1
,obj775440333654744295.png,-1
,obj775440402374223148.png,-1
,obj775440471093692834.png,-1
,obj775440471093692948.png,-1
,obj775440471093695376.png,-1
,obj775440471093696230.png,-1
,obj775440471093696448.png,-1
,obj775440471093696483.png,-1
,obj775440471093696769.png,-1
,obj775440471093696782.png,-1
,obj775440539813169111.png,-1
,obj775440539813169810.png,-1
,obj775440677252125385.png,-1
,obj775440814691077272.png,-1
,obj775440883410554329.png,-1
,obj775440952130030122.png,-1
,obj775440952130030258.png,-1
,obj775440952130030259.png,-1
,obj775440952130031475.png,-1
,obj775440952130031695.png,-1
,obj775441020849508091.png,-1
,obj775441020849508195.png,-1
,obj775441089568983532.png,-1
,obj775441158288461480.png,-1
,obj775441158288461547.png,-1
,obj775441158288461936.png,-1
,obj775441158288463363.png,-1
,obj775441227007938722.png,-1
,obj775441227007939418.png,-1
,obj775441227007940507.png,-1
,obj775441295727416843.png,-1
,obj775441639324801970.png,-1
,obj775442120361139676.png,-1
,obj775442120361141335.png,-1
,obj775442601397476698.png,-1
,obj775442670116949483.png,-1
,obj775442670116952009.png,-1
,obj775442807555905108.png,-1
,obj775442807555908602.png,-1
,obj775442876275380025.png,-1
,obj775443082433812693.png,-1
,obj775443082433812694.png,-1
,obj775443151153269633.png,-1
,obj775443151153287984.png,-1
,obj775443151153290194.png,-1
,obj775443219872761418.png,-1
,obj775443288592221507.png,-1
,obj775443357311722469.png,-1
,obj775443357311726464.png,-1
,obj775443426031196913.png,-1
,obj775443426031196934.png,-1
,obj775443426031196995.png,-1
,obj775443426031196996.png,-1
,obj775443494750671999.png,-1
,obj775443494750672823.png,-1
,obj775443632189624461.png,-1
,obj775443700909103025.png,-1
,obj775443700909104569.png,-1
,obj775443700909104755.png,-1
,obj775443700909104764.png,-1
,obj775443700909104765.png,-1
,obj775443769628578740.png,-1
,obj775443907067530695.png,-1
,obj775443907067530816.png,-1
,obj775444044506482713.png,-1
,obj775444044506482734.png,-1
,obj775444044506484441.png,-1
,obj775444044506484863.png,-1
,obj775444044506486175.png,-1
,obj775444113225963120.png,-1
,obj775444113225964885.png,-1
,obj775444181945441233.png,-1
,obj775444181945443309.png,-1
,obj775444181945444554.png,-1
,obj775444250664916842.png,-1
,obj775444388103867569.png,-1
,obj775444388103870375.png,-1
,obj775444456823346301.png,-1
,obj775444456823347919.png,-1
,obj775444662981775444.png,-1
,obj775444662981775510.png,-1
,obj775444731701249882.png,-1
,obj775444800420728210.png,-1
,obj775444869140209192.png,-1
,obj775445006579160656.png,-1
,obj775445006579160659.png,-1
,obj775445075298637856.png,-1
,obj775445075298638572.png,-1
,obj775445144018110252.png,-1
,obj775445144018111928.png,-1
,obj775445144018112291.png,-1
,obj775445144018112419.png,-1
,obj775445144018113646.png,-1
,obj775445212737590907.png,-1
,obj775445212737592155.png,-1
,obj775445281457064765.png,-1
,obj775445281457065968.png,-1
,obj775445350176543574.png,-1
,obj775445350176543793.png,-1
,obj775445418896018055.png,-1
,obj775445418896020819.png,-1
,obj775445418896021146.png,-1
,obj775445625054456396.png,-1
,obj775445693773926113.png,-1
,obj775445762493401411.png,-1
,obj775445762493401412.png,-1
,obj775445762493402047.png,-1
,obj775445762493403209.png,-1
,obj775445762493403326.png,-1
,obj775445762493403647.png,-1
,obj775445831212881601.png,-1
,obj775445899932355524.png,-1
,obj775445899932356942.png,-1
,obj775445899932357999.png,-1
,obj775446037371312513.png,-1
,obj775446106090784677.png,-1
,obj775446106090784900.png,-1
,obj775446174810263112.png,-1
,obj775446174810263771.png,-1
,obj775446243529742042.png,-1
,obj775446243529743513.png,-1
,obj775446243529744341.png,-1
,obj775446449688167428.png,-1
,obj775446449688167445.png,-1
,obj775446449688170049.png,-1
,obj775446449688171446.png,-1
,obj775446518407645716.png,-1
,obj775446518407647639.png,-1
,obj775446518407648621.png,-1
,obj775446655846597950.png,-1
,obj775446655846598131.png,-1
,obj775446655846600609.png,-1
,obj775446724566076229.png,-1
,obj775446724566079877.png,-1
,obj775446862005031817.png,-1
,obj775446930724507318.png,-1
,obj775446930724509840.png,-1
,obj775447068163461796.png,-1
,obj775447136882939262.png,-1
,obj775447136882940209.png,-1
,obj775447136882940210.png,-1
,obj775447136882940531.png,-1
,obj775447205602417455.png,-1
,obj775447205602417693.png,-1
,obj775447274321891873.png,-1
,obj775447274321892035.png,-1
,obj775447343041349189.png,-1
,obj775447343041367742.png,-1
,obj775447343041369368.png,-1
,obj775447411760842845.png,-1
,obj775447411760843251.png,-1
,obj775447411760845395.png,-1
,obj775447480480321308.png,-1
,obj775447480480321680.png,-1
,obj775447480480323445.png,-1
,obj775447549199801571.png,-1
,obj775447617919278402.png,-1
,obj775447686638755680.png,-1
,obj775447824077702272.png,-1
,obj775448098955608913.png,-1
,obj775448098955609892.png,-1
,obj775448167675086236.png,-1
,obj775448305114042404.png,-1
,obj775448511272472627.png,-1
,obj775448511272473214.png,-1
,obj775448511272473987.png,-1
,obj775448579991951039.png,-1
,obj775448923589335416.png,-1
,obj775449129747761357.png,-1
,obj775449542064624930.png,-1
,obj775449610784098227.png,-1
,obj775449610784098229.png,-1
,obj775449610784099431.png,-1
,obj775449610784101913.png,-1
,obj775449679503577212.png,-1
,obj775449816942527613.png,-1
,obj775449885662006341.png,-1
,obj775449954381483336.png,-1
,obj775449954381483556.png,-1
,obj775449954381488123.png,-1
,obj775450091820439198.png,-1
,obj775450091820439979.png,-1
,obj775450229259394607.png,-1
,obj775450229259395052.png,-1
,obj775450297978864435.png,-1
,obj775450297978866494.png,-1
,obj775450710295729928.png,-1
,obj775450710295730328.png,-1
,obj775450710295731145.png,-1
,obj775450847734683262.png,-1
,obj775450847734683413.png,-1
,obj775450916454156740.png,-1
,obj775450916454158461.png,-1
,obj775450985173637445.png,-1
,obj775451328771020480.png,-1
,obj775451397490493942.png,-1
,obj775451534929430541.png,-1
,obj775451603648922285.png,-1
,obj775451603648922631.png,-1
,obj775451603648923407.png,-1
,obj775451672368405769.png,-1
,obj775451672368406031.png,-1
,obj775451672368406068.png,-1
,obj775451741087878814.png,-1
,obj775451741087882444.png,-1
,obj775451741087882875.png,-1
,obj775451809807358907.png,-1
,obj775451809807361058.png,-1
,obj775451809807361380.png,-1
,obj775451947246308882.png,-1
,obj775452015965787549.png,-1
,obj775452015965788805.png,-1
,obj775452015965789339.png,-1
,obj775452084685261561.png,-1
,obj775452084685261686.png,-1
,obj775452290843674065.png,-1
,obj775452290843691379.png,-1
,obj775452290843693587.png,-1
,obj775452290843693891.png,-1
,obj775452359563170547.png,-1
,obj775452359563171734.png,-1
,obj775452428282646508.png,-1
,obj775452428282649382.png,-1
,obj775452497002123966.png,-1
,obj775452771880027442.png,-1
,obj775452909318981784.png,-1
,obj775452909318984452.png,-1
,obj775452978038464854.png,-1
,obj775452978038464855.png,-1
,obj775453046757936482.png,-1
,obj775453046757938811.png,-1
,obj775453115477412620.png,-1
,obj775453115477412738.png,-1
,obj775453115477413335.png,-1
,obj775453459074802742.png,-1
,obj775453459074802854.png,-1
,obj775453527794273574.png,-1
,obj775453527794275268.png,-1
,obj775453527794275270.png,-1
,obj775453527794275392.png,-1
,obj775453527794275658.png,-1
,obj775453596513749938.png,-1
,obj775453596513752653.png,-1
,obj775453596513753776.png,-1
,obj775453665233228925.png,-1
,obj775453665233230158.png,-1
,obj775453665233230159.png,-1
,obj775453802672180289.png,-1
,obj775453802672181785.png,-1
,obj775453871391655774.png,-1
,obj775453871391657090.png,-1
,obj775454077550091634.png,-1
,obj775454214989042588.png,-1
,obj775454283708516498.png,-1
,obj775454421147470482.png,-1
,obj775454421147472694.png,-1
,obj775454421147472696.png,-1
,obj775454421147473137.png,-1
,obj775454489866945947.png,-1
,obj775454558586428982.png,-1
,obj775455039622758912.png,-1
,obj775455108342236708.png,-1
,obj775455108342236843.png,-1
,obj775455177061712907.png,-1
,obj775455314500675240.png,-1
,obj775455864256485056.png,-1
,obj775456070414916565.png,-1
,obj775456070414916566.png,-1
,obj775456070414918197.png,-1
,obj775456345292820599.png,-1
,obj775456414012297407.png,-1
,obj775456551451250022.png,-1
,obj775456757609679881.png,-1
,obj775456826329155022.png,-1
,obj775456826329157435.png,-1
,obj775456963768110348.png,-1
,obj775456963768113532.png,-1
,obj775457032487590362.png,-1
,obj775457376084952892.png,-1
,obj775457376084972453.png,-1
,obj775457513523928207.png,-1
,obj775457582243403858.png,-1
,obj775457582243403859.png,-1
,obj775457582243403860.png,-1
,obj775457582243403861.png,-1
,obj775457582243403901.png,-1
,obj775457582243404095.png,-1
,obj775457582243404713.png,-1
,obj775457582243406319.png,-1
,obj775457582243406873.png,-1
,obj775457788401833947.png,-1
,obj775457857121306796.png,-1
,obj775457857121309511.png,-1
,obj775457925840784714.png,-1
,obj775457994560262462.png,-1
,obj775458338157648781.png,-1
,obj775458338157648905.png,-1
,obj775458406877123864.png,-1
,obj775458475596598747.png,-1
,obj775458475596599116.png,-1
,obj775458475596600448.png,-1
,obj775458544316074014.png,-1
,obj775458544316074517.png,-1
,obj775458544316075406.png,-1
,obj775458613035553028.png,-1
,obj775458681755029343.png,-1
,obj775459162791363816.png,-1
,obj775459162791367772.png,-1
,obj775459368949795764.png,-1
,obj775459437669270384.png,-1
,obj775459575108225351.png,-1
,obj775459575108225352.png,-1
,obj775459575108227247.png,-1
,obj775459643827701344.png,-1
,obj775459643827701930.png,-1
,obj775459643827704214.png,-1
,obj775459987425085729.png,-1
,obj775460124864040439.png,-1
,obj775460124864040440.png,-1
,obj775460124864041776.png,-1
,obj775460193583513038.png,-1
,obj775460193583514530.png,-1
,obj775460262302993438.png,-1
,obj775460468461426395.png,-1
,obj775460468461427343.png,-1
,obj775460468461428562.png,-1
,obj775460537180903169.png,-1
,obj775460880778284727.png,-1
,obj775460880778285347.png,-1
,obj775460880778286552.png,-1
,obj775460880778287518.png,-1
,obj775460949497762846.png,-1
,obj775461155656192272.png,-1
,obj775461155656192274.png,-1
,obj775461293095146788.png,-1
,obj775461293095147820.png,-1
,obj775461636692527334.png,-1
,obj775461842850957522.png,-1
,obj775461980289912135.png,-1
,obj775462117728863396.png,-1
,obj775462598765201678.png,-1
,obj775462598765201743.png,-1
,obj775462942362586557.png,-1
,obj775462942362587057.png,-1
,obj775463079801540585.png,-1
,obj775463217240492300.png,-1
,obj775463217240496989.png,-1
,obj775463354679445919.png,-1
,obj775463423398929092.png,-1
,obj775463698276836140.png,-1
,obj775463904435260578.png,-1
,obj775463973154742049.png,-1
,obj775464110593693403.png,-1
,obj775464110593694004.png,-1
,obj775464522910550906.png,-1
,obj775464522910552355.png,-1
,obj775464729068981386.png,-1
,obj775464797788461388.png,-1
,obj775465416263751013.png,-1
,obj775465484983224850.png,-1
,obj775465484983229227.png,-1
,obj775465691141657600.png,-1
,obj775465759861135617.png,-1
,obj775465759861136548.png,-1
,obj775465828580610035.png,-1
,obj775465966019568800.png,-1
,obj775466034739040236.png,-1
,obj775466103458518764.png,-1
,obj775466103458520754.png,-1
,obj775466172177992880.png,-1
,obj775466309616948975.png,-1
,obj775466447055900530.png,-1
,obj775466515775376834.png,-1
,obj775466584494854979.png,-1
,obj775466653214327476.png,-1
,obj775466653214327599.png,-1
,obj775466721933810888.png,-1
,obj775466721933815052.png,-1
,obj775466790653285473.png,-1
,obj775466859372760229.png,-1
,obj775467065531191274.png,-1
,obj775467477848049730.png,-1
,obj775467477848050723.png,-1
,obj775467890164913582.png,-1
,obj775467958884388382.png,-1
,obj775468233762294985.png,-1
,obj775468302481770108.png,-1
,obj775468439920725994.png,-1
,obj775468852237584395.png,-1
,obj775469470712878801.png,-1
,obj775470089188168358.png,-1
,obj775470226627124281.png,-1
,obj775470707663459456.png,-1
,obj775470845102412410.png,-1
,obj775470982541364660.png,-1
,obj775471326138748702.png,-1
,obj775471738455611777.png,-1
,obj775471807175090133.png,-1
,obj775472219491945913.png,-1
,obj775472288211423048.png,-1
,obj775472837967239109.png,-1
,obj775472837967240204.png,-1
,obj775472906686712056.png,-1
,obj775473456442523882.png,-1
,obj775473593881479370.png,-1
,obj775473593881480021.png,-1
,obj775474212356771940.png,-1
,obj775474349795723672.png,-1
,obj775474762112583845.png,-1
,obj775475105709969184.png,-1
,obj775475792904718726.png,-1
,obj775476617538458013.png,-1
,obj775476892416344737.png,-1
,obj775477579611131696.png,-1
,obj775477579611135280.png,-1
,obj775478060647468509.png,-1
,obj775478129366946420.png,-1
,obj775478266805897320.png,-1
,obj775478954000670199.png,-1
,obj775479503756480896.png,-1
,obj775479847353864643.png,-1
,obj775480534548633804.png,-1
,obj775481290462873487.png,-1
,obj775481771499215618.png,-1
,obj775483626925086727.png,-1
,obj775484039241944418.png,-1
,obj775484039241946271.png,-1
,obj775484451558805709.png,-1
,obj775485276192527380.png,-1
,obj775485276192531868.png,-1
,obj775486100826247046.png,-1
,obj775486513143105609.png,-1
,obj775488574727411996.png,-1
,obj775490155275378347.png,-1
,obj775495515394566671.png,-1
,obj775496821064618910.png,-1
,obj775497164662005272.png,-1
,obj775498745209969290.png,-1
,obj775499363685258698.png,-1
,obj775502593500644667.png,-1
,obj775503143256476056.png,-1
,obj775503486853859731.png,-1
,obj775503899170724927.png,-1
,obj775504174048625000.png,-1
,obj775504311487581958.png,-1
,obj775504792523917840.png,-1
,obj775505342279739741.png,-1
,obj775505685877114051.png,-1
,obj775507266425080488.png,-1
,obj775508572095139674.png,-1
,obj775508640814621252.png,-1
,obj775509465448339455.png,-1
,obj775509465448339458.png,-1
,obj775509534167817182.png,-1
,obj775511801910542650.png,-1
,obj775512214227408068.png,-1
,obj775512489105312599.png,-1
,obj775512489105315531.png,-1
,obj775512489105315534.png,-1
,obj775512557824794222.png,-1
,obj775513107580601543.png,-1
,obj775513382458512449.png,-1
,obj775514000933800681.png,-1
,obj775515993798625115.png,-1
,obj775516818432346201.png,-1
,obj775516955871302226.png,-1
,obj775518055382927166.png,-1
,obj775518192821880655.png,-1
,obj775520735442520331.png,-1
,obj775520735442522221.png,-1
,obj775521285198334809.png,-1
,obj775521560076239880.png,-1
,obj775522178551529906.png,-1
,obj775522453429438263.png,-1
,obj775523003185250746.png,-1
,obj775523209343682542.png,-1
,obj775523209343682712.png,-1
,obj775524171416362273.png,-1
,obj775526439159072930.png,-1
,obj775526439159091655.png,-1
,obj775527332512289263.png,-1
,obj775528844340778232.png,-1
,obj775528844340778265.png,-1
,obj775528981779736459.png,-1
,obj775529050499206098.png,-1
,obj775529119218681762.png,-1
,obj775530218730314412.png,-1
,obj775531661839322920.png,-1
,obj775531799278283527.png,-1
,obj775532486473043571.png,-1
,obj775534685496298708.png,-1
,obj775535991166339509.png,-1
,obj775537296836415563.png,-1
,obj775539633298622230.png,-1
,obj775539633298625028.png,-1
,obj775540114334962039.png,-1
,obj775543344150369508.png,-1
,obj775543619028275936.png,-1
,obj775543619028277656.png,-1
,obj775543687747752874.png,-1
,obj775544100064611847.png,-1
,obj775546161648917061.png,-1
,obj775546367807345817.png,-1
,obj775548841708504159.png,-1
,obj775549528903254861.png,-1
,obj775550284817521524.png,-1
,obj775550697134379129.png,-1
,obj775553239755017079.png,-1
,obj775554889022462888.png,-1
,obj775555095180891859.png,-1
,obj775555438778275243.png,-1
,obj775556607009381359.png,-1
,obj775556607009383167.png,-1
,obj775557088045716632.png,-1
,obj775557362923622186.png,-1
,obj775557362923622188.png,-1
,obj775558118837866864.png,-1
,obj775558187557343730.png,-1
,obj775558256276821985.png,-1
,obj775558462435253053.png,-1
,obj775558737313160165.png,-1
,obj775559974263738619.png,-1
,obj775560592739030286.png,-1
,obj775560936336413245.png,-1
,obj775561211214323365.png,-1
,obj775561554811704680.png,-1
,obj775562104567521111.png,-1
,obj775562860481760690.png,-1
,obj775563547676508572.png,-1
,obj775564372310248460.png,-1
,obj775564441029727302.png,-1
,obj775564441029727749.png,-1
,obj775566159016641487.png,-1
,obj775566227736123322.png,-1
,obj775566708772460686.png,-1
,obj775567395967228733.png,-1
,obj775567395967228875.png,-1
,obj775567395967228876.png,-1
,obj775568151881469863.png,-1
,obj775569526271005113.png,-1
,obj775569663709961184.png,-1
,obj775569938587869222.png,-1
,obj775570557063155449.png,-1
,obj775571175538449181.png,-1
,obj775573237122749699.png,-1
,obj775573374561700291.png,-1
,obj775573443281176514.png,-1
,obj775573786878563782.png,-1
,obj775574680231760807.png,-1
,obj775574886390190376.png,-1
,obj775576466938155338.png,-1
,obj775577429010830822.png,-1
,obj775577772608213764.png,-1
,obj775581483459954888.png,-1
,obj775581758337864157.png,-1
,obj775582033215771526.png,-1
,obj775582582971565719.png,-1
,obj775583476324763182.png,-1
,obj775583888641642780.png,-1
,obj775583957361116531.png,-1
,obj775584507116930105.png,-1
,obj775584575836408038.png,-1
,obj775584644555886085.png,-1
,obj775584713275359401.png,-1
,obj775584713275359402.png,-1
,obj775586981018093350.png,-1
,obj775587805651818119.png,-1
,obj775588424127107335.png,-1
,obj775589042602398386.png,-1
,obj775589111321870819.png,-1
,obj775589111321873743.png,-1
,obj775590142114023743.png,-1
,obj775590485711410245.png,-1
,obj775590485711410418.png,-1
,obj775591172906175239.png,-1
,obj775591516503557919.png,-1
,obj775591928820419508.png,-1
,obj775591997539893714.png,-1
,obj775592547295709071.png,-1
,obj775592616015185180.png,-1
,obj775592616015185181.png,-1
,obj775593028332029560.png,-1
,obj775593097051525908.png,-1
,obj775594196563153161.png,-1
,obj775594677599489989.png,-1
,obj775594677599489990.png,-1
,obj775596601744838643.png,-1
,obj775600381316058860.png,-1
,obj775600587474490604.png,-1
,obj775600793632919589.png,-1
,obj775603267534081396.png,-1
,obj775603336253559179.png,-1
,obj775604229606757296.png,-1
,obj775604573204141035.png,-1
,obj775605878874177726.png,-1
,obj775607940458499792.png,-1
,obj775608765092219981.png,-1
,obj775609383567513333.png,-1
,obj775609795884368984.png,-1
,obj775611170273905582.png,-1
,obj775613506736118281.png,-1
,obj775614193930879716.png,-1
,obj775614812406174609.png,-1
,obj775615980637259042.png,-1
,obj775617217587856917.png,-1
,obj775617561185242597.png,-1
,obj775617767343674264.png,-1
,obj775618935574777836.png,-1
,obj775618935574777838.png,-1
,obj775620997159079126.png,-1
,obj775621134598031686.png,-1
,obj775621134598031687.png,-1
,obj775621134598031688.png,-1
,obj775624639291347941.png,-1
,obj775624639291348361.png,-1
,obj775626219839311680.png,-1
,obj775626288558790901.png,-1
,obj775629380935242480.png,-1
,obj775629518374197464.png,-1
,obj775629930691054765.png,-1
,obj775630343007914520.png,-1
,obj775630824044233009.png,-1
,obj775630892763728370.png,-1
,obj775630961483212636.png,-1
,obj775630961483216815.png,-1
,obj775632404592218454.png,-1
,obj775632610750647564.png,-1
,obj775632885628561606.png,-1
,obj775633091786988685.png,-1
,obj775633160506458561.png,-1
,obj775634878493383784.png,-1
,obj775634947212855618.png,-1
,obj775635496968668410.png,-1
,obj775635496968670100.png,-1
,obj775635703127100532.png,-1
,obj775636940077679747.png,-1
,obj775637764711403179.png,-1
,obj775637833430861797.png,-1
,obj775638039589311938.png,-1
,obj775638383186696420.png,-1
,obj775638451906171562.png,-1
,obj775638726784076144.png,-1
,obj775640650929423611.png,-1
,obj775641750441053708.png,-1
,obj775641887879989307.png,-1
,obj775642300196865031.png,-1
,obj775642506355278001.png,-1
,obj775643399708477291.png,-1
,obj775645804890180292.png,-1
,obj775646011048610032.png,-1
,obj775648759827679195.png,-1
,obj775650134217216883.png,-1
,obj775650340375646302.png,-1
,obj775654463544247394.png,-1
,obj775656731286980395.png,-1
,obj775658380554422703.png,-1
,obj775659136468649217.png,-1
,obj775659548785536053.png,-1
,obj775660442138706476.png,-1
,obj775665939696862674.png,-1
,obj775667039208488402.png,-1
,obj775670612621287341.png,-1
,obj775673567558780367.png,-1
,obj775673704997736133.png,-1
,obj775675972740448717.png,-1
,obj775679752311687306.png,-1
,obj775679958470116485.png,-1
,obj775682913407617324.png,-1
,obj775687036576222084.png,-1
,obj775687723770970504.png,-1
,obj775695008035524291.png,-1
,obj775706759066049962.png,-1
,obj776648628214195045.png,-1
,obj776649384128436744.png,-1
,obj776649452847909878.png,-1
,obj776650689798493515.png,-1
,obj776650689798493582.png,-1
,obj777070359642917924.png,-1
,obj777070359642917937.png,-1
,obj777071046837684099.png,-1
,obj777071046837684507.png,-1
,obj777071046837684608.png,-1
,obj777071046837685097.png,-1
,obj777071046837687175.png,-1
,obj777071046837687582.png,-1
,obj777071046837687583.png,-1
,obj777071596593499048.png,-1
,obj777071596593500476.png,-1
,obj777071596593500477.png,-1
,obj777071665312974338.png,-1
,obj777071665312976058.png,-1
,obj777071665312976076.png,-1
,obj777071665312977196.png,-1
,obj777071665312977197.png,-1
,obj777071734032452776.png,-1
,obj777072283788263840.png,-1
,obj777072283788265972.png,-1
,obj777072283788265974.png,-1
,obj777072283788266222.png,-1
,obj777072283788267205.png,-1
,obj777072283788268073.png,-1
,obj777072352507740847.png,-1
,obj777072352507741833.png,-1
,obj777072352507742869.png,-1
,obj777072970983034732.png,-1
,obj777073658177797190.png,-1
,obj777073658177798294.png,-1
,obj777077437749005279.png,-1
,obj777077506468501587.png,-1
,obj777077987504838077.png,-1
,obj777077987504838629.png,-1
,obj777078124943789524.png,-1
,obj777078262382743833.png,-1
,obj777078262382744740.png,-1
,obj777078331102216438.png,-1
,obj777078331102216439.png,-1
,obj777078331102217342.png,-1
,obj777078331102217582.png,-1
,obj777078605980129558.png,-1
,obj777078812138559747.png,-1
,obj777079087016466010.png,-1
,obj777079087016466620.png,-1
,obj777079155735941377.png,-1
,obj777079224455418898.png,-1
,obj777079224455420448.png,-1
,obj777079293174892874.png,-1
,obj777079361894371020.png,-1
,obj777079430613847706.png,-1
,obj777079499333324499.png,-1
,obj777079499333324555.png,-1
,obj777079568052802774.png,-1
,obj777079636772275440.png,-1
,obj777079636772276632.png,-1
,obj777079636772277938.png,-1
,obj777079636772279060.png,-1
,obj777079636772279727.png,-1
,obj777079705491751979.png,-1
,obj777079705491752518.png,-1
,obj777079705491753125.png,-1
,obj777079705491753564.png,-1
,obj777079705491754979.png,-1
,obj777079705491755174.png,-1
,obj777079774211235131.png,-1
,obj777079774211236175.png,-1
,obj777079842930710489.png,-1
,obj777079911650184757.png,-1
,obj777079980369662242.png,-1
,obj777080049089135912.png,-1
,obj777080117808612103.png,-1
,obj777080117808614329.png,-1
,obj777080117808614519.png,-1
,obj777080117808615566.png,-1
,obj777080186528091950.png,-1
,obj777080255247566478.png,-1
,obj777080255247567069.png,-1
,obj777080255247567512.png,-1
,obj777080323967047302.png,-1
,obj777080392686520021.png,-1
,obj777080392686520791.png,-1
,obj777080392686522113.png,-1
,obj777080530125475046.png,-1
,obj777080530125475402.png,-1
,obj777080598844949845.png,-1
,obj777080598844950290.png,-1
,obj777080598844950790.png,-1
,obj777080598844951613.png,-1
,obj777080598844952058.png,-1
,obj777080667564427749.png,-1
,obj777080667564427750.png,-1
,obj777080667564427905.png,-1
,obj777080667564428066.png,-1
,obj777080736283908723.png,-1
,obj777080805003381913.png,-1
,obj777080942442332041.png,-1
,obj777081011161810910.png,-1
,obj777081011161814059.png,-1
,obj777081011161814139.png,-1
,obj777081011161814833.png,-1
,obj777081148600766310.png,-1
,obj777081148600766311.png,-1
,obj777081286039714643.png,-1
,obj777081286039714858.png,-1
,obj777081354759191881.png,-1
,obj777081354759192040.png,-1
,obj777081354759192041.png,-1
,obj777081492198147479.png,-1
,obj777081492198149706.png,-1
,obj777081698356577546.png,-1
,obj777081698356577645.png,-1
,obj777082041953959932.png,-1
,obj777082041953961096.png,-1
,obj777083966099318436.png,-1
,obj777084034818793706.png,-1
,obj777084172257744528.png,-1
,obj777084172257745936.png,-1
,obj777084172257745937.png,-1
,obj777084240977221110.png,-1
,obj777084240977221941.png,-1
,obj777084240977222310.png,-1
,obj777084240977222610.png,-1
,obj777084378416175047.png,-1
,obj777084790733034929.png,-1
,obj777084790733035180.png,-1
,obj777084790733036116.png,-1
,obj777084859452510784.png,-1
,obj777084859452512137.png,-1
,obj777084859452512619.png,-1
,obj777084859452513271.png,-1
,obj777084928171987464.png,-1
,obj777084928171987465.png,-1
,obj777084928171988460.png,-1
,obj777084928171990955.png,-1
,obj777084996891461311.png,-1
,obj777084996891462024.png,-1
,obj777084996891462327.png,-1
,obj777084996891462445.png,-1
,obj777084996891462488.png,-1
,obj777084996891465035.png,-1
,obj777085134330417307.png,-1
,obj777085134330418008.png,-1
,obj777085203049892206.png,-1
,obj777085203049894143.png,-1
,obj777085409208325164.png,-1
,obj777085477927798870.png,-1
,obj777085477927799138.png,-1
,obj777085615366754026.png,-1
,obj777085684086229191.png,-1
,obj777085684086229397.png,-1
,obj777085684086231533.png,-1
,obj777085684086234193.png,-1
,obj777085752805706012.png,-1
,obj777085752805707342.png,-1
,obj777085821525183017.png,-1
,obj777085821525183297.png,-1
,obj777085890244658675.png,-1
,obj777085890244659632.png,-1
,obj777085890244661602.png,-1
,obj777085890244661612.png,-1
,obj777086371280999391.png,-1
,obj777086371280999997.png,-1
,obj777086371281000358.png,-1
,obj777086371281001369.png,-1
,obj777086371281001381.png,-1
,obj777086371281001382.png,-1
,obj777086371281001888.png,-1
,obj777086508719951161.png,-1
,obj777086577439428356.png,-1
,obj777086577439430402.png,-1
,obj777086646158902518.png,-1
,obj777086646158903447.png,-1
,obj777086646158903483.png,-1
,obj777086646158905982.png,-1
,obj777086646158906001.png,-1
,obj777086989756287838.png,-1
,obj777086989756289204.png,-1
,obj777086989756291070.png,-1
,obj777087058475764812.png,-1
,obj777087195914722413.png,-1
,obj777087745670535747.png,-1
,obj777087814390008965.png,-1
,obj777087883109486639.png,-1
,obj777087883109490757.png,-1
,obj777087951828961087.png,-1
,obj777088020548440304.png,-1
,obj777088639023730223.png,-1
,obj777088639023731290.png,-1
,obj777088639023731301.png,-1
,obj777088639023731474.png,-1
,obj777089326218496578.png,-1
,obj777090906766462501.png,-1
,obj777091112924891310.png,-1
,obj777091112924892215.png,-1
,obj777091181644369904.png,-1
,obj777091319083322850.png,-1
,obj777091387802801949.png,-1
,obj777091525241752142.png,-1
,obj777091525241753389.png,-1
,obj777091593961228510.png,-1
,obj777091662680703554.png,-1
,obj777091662680704058.png,-1
,obj777091662680705508.png,-1
,obj777091731400180661.png,-1
,obj777091731400183240.png,-1
,obj777091800119657620.png,-1
,obj777091800119657621.png,-1
,obj777091937558612931.png,-1
,obj777091937558613664.png,-1
,obj777091937558614374.png,-1
,obj777091937558614966.png,-1
,obj777092074997568472.png,-1
,obj777092212436520516.png,-1
,obj777092281155994416.png,-1
,obj777092281155995091.png,-1
,obj777092281155997323.png,-1
,obj777092418594950520.png,-1
,obj777092418594950522.png,-1
,obj777092418594952513.png,-1
,obj777092693472854519.png,-1
,obj777092968350761364.png,-1
,obj777093105789714521.png,-1
,obj777093105789714611.png,-1
,obj777093586826038080.png,-1
,obj777094342740297132.png,-1
,obj777098259750475159.png,-1
,obj777098328469949510.png,-1
,obj777098397189427738.png,-1
,obj777098465908906868.png,-1
,obj777098465908906869.png,-1
,obj777098603347857455.png,-1
,obj777098603347858444.png,-1
,obj777098740786809137.png,-1
,obj777098878225763246.png,-1
,obj777098878225765193.png,-1
,obj777098946945240310.png,-1
,obj777098946945242253.png,-1
,obj777099015664714610.png,-1
,obj777099084384194468.png,-1
,obj777099221823147950.png,-1
,obj777099221823148718.png,-1
,obj777099359262102445.png,-1
,obj777099496701053916.png,-1
,obj777099496701054462.png,-1
,obj777099496701055875.png,-1
,obj777099496701056384.png,-1
,obj777099565420528123.png,-1
,obj777099565420529976.png,-1
,obj777099565420532307.png,-1
,obj777099634140007137.png,-1
,obj777099702859483539.png,-1
,obj777099702859484066.png,-1
,obj777099702859484087.png,-1
,obj777100183895825267.png,-1
,obj777100252615295203.png,-1
,obj777100252615299307.png,-1
,obj777100321334774790.png,-1
,obj777100527493204575.png,-1
,obj777100733651634407.png,-1
,obj777100733651635825.png,-1
,obj777100871090588606.png,-1
,obj777100871090590161.png,-1
,obj777100939810064783.png,-1
,obj777100939810066740.png,-1
,obj777101008529542191.png,-1
,obj777101008529542301.png,-1
,obj777101008529543143.png,-1
,obj777101352126928317.png,-1
,obj777101489565879929.png,-1
,obj777101489565882356.png,-1
,obj777101627004833279.png,-1
,obj777101695724312252.png,-1
,obj777101695724312713.png,-1
,obj777101695724312943.png,-1
,obj777101764443789723.png,-1
,obj777101901882743964.png,-1
,obj777101970602218202.png,-1
,obj777101970602218422.png,-1
,obj777102039321695975.png,-1
,obj777102176760643174.png,-1
,obj777102245480127406.png,-1
,obj777102314199598398.png,-1
,obj777102382919080831.png,-1
,obj777102382919081618.png,-1
,obj777102451638556228.png,-1
,obj777103276272275251.png,-1
,obj777103276272276392.png,-1
,obj777103276272278824.png,-1
,obj777104032186516860.png,-1
,obj777104650661810865.png,-1
,obj777104856820242572.png,-1
,obj777105200417624897.png,-1
,obj777105269137103033.png,-1
,obj777105406576052138.png,-1
,obj777105406576052572.png,-1
,obj777105612734481703.png,-1
,obj777105612734482546.png,-1
,obj777105612734485319.png,-1
,obj777106093770820742.png,-1
,obj777106299929234347.png,-1
,obj777106299929254880.png,-1
,obj777106368648727902.png,-1
,obj777106368648728338.png,-1
,obj777106368648728423.png,-1
,obj777106506087681565.png,-1
,obj777106780965585856.png,-1
,obj777106780965586165.png,-1
,obj777106918404540032.png,-1
,obj777106987124018529.png,-1
,obj777106987124019352.png,-1
,obj777106987124020238.png,-1
,obj777106987124021303.png,-1
,obj777106987124022196.png,-1
,obj777107055843497992.png,-1
,obj777107468160354906.png,-1
,obj777107468160356931.png,-1
,obj777107536879831475.png,-1
,obj777107536879831496.png,-1
,obj777107605599307660.png,-1
,obj777107674318789594.png,-1
,obj777107743038263334.png,-1
,obj777107743038264314.png,-1
,obj777107743038265019.png,-1
,obj777107880477219366.png,-1
,obj777108430233031880.png,-1
,obj777108567671983708.png,-1
,obj777108842549893259.png,-1
,obj777109117427798452.png,-1
,obj777109254866749793.png,-1
,obj777109392305704451.png,-1
,obj777109529744661414.png,-1
,obj777109598464139005.png,-1
,obj777109667183615214.png,-1
,obj777109804622562928.png,-1
,obj777110285658901521.png,-1
,obj777112415962679721.png,-1
,obj777112484682157464.png,-1
,obj777112690840587301.png,-1
,obj777112759560062776.png,-1
,obj777112759560062954.png,-1
,obj777112965718504335.png,-1
,obj777113034437974963.png,-1
,obj777113034437975551.png,-1
,obj777113103157448886.png,-1
,obj777113103157449611.png,-1
,obj777113103157450538.png,-1
,obj777113103157451775.png,-1
,obj777113240596402240.png,-1
,obj777113240596402932.png,-1
,obj777113515474308737.png,-1
,obj777113790352216752.png,-1
,obj777113927791166397.png,-1
,obj777114683705410362.png,-1
,obj777114752424890228.png,-1
,obj777114958583320627.png,-1
,obj777115714497565596.png,-1
,obj777115783217041439.png,-1
,obj777116470411808685.png,-1
,obj777116539131288896.png,-1
,obj777116814009174005.png,-1
,obj777116814009194483.png,-1
,obj777116814009196660.png,-1
,obj777116814009197609.png,-1
,obj777116814009197659.png,-1
,obj777116814009197699.png,-1
,obj777117088887101373.png,-1
,obj777117226326052508.png,-1
,obj777117295045530589.png,-1
,obj777117295045531045.png,-1
,obj777117363765007013.png,-1
,obj777117707362388461.png,-1
,obj777119081751923652.png,-1
,obj777119219190881247.png,-1
,obj777119287910355077.png,-1
,obj777119425349307941.png,-1
,obj777120043824603163.png,-1
,obj777120112544076703.png,-1
,obj777120249983026789.png,-1
,obj777120318702505976.png,-1
,obj777120799738843161.png,-1
,obj777120799738843456.png,-1
,obj777120937177793498.png,-1
,obj777121005897273972.png,-1
,obj777121005897274389.png,-1
,obj777121418214133078.png,-1
,obj777121486933608280.png,-1
,obj777121555653088014.png,-1
,obj777121624372566135.png,-1
,obj777122723884191375.png,-1
,obj777123204920530557.png,-1
,obj777123479798436965.png,-1
,obj777123548517909924.png,-1
,obj777123685956865550.png,-1
,obj777123960834772149.png,-1
,obj777124441871111280.png,-1
,obj777124579310060769.png,-1
,obj777125335224308626.png,-1
,obj777126297296980829.png,-1
,obj777126572174892042.png,-1
,obj777126778333320135.png,-1
,obj777126915772271949.png,-1
,obj777126915772273433.png,-1
,obj777127121930700479.png,-1
,obj777127465528089047.png,-1
,obj777127671686517484.png,-1
,obj777127740405995096.png,-1
,obj777128702478670436.png,-1
,obj777129733270819524.png,-1
,obj777131038940877858.png,-1
,obj777131245099289092.png,-1
,obj777132344610941511.png,-1
,obj777132825647273397.png,-1
,obj777132894366748431.png,-1
,obj777132894366749468.png,-1
,obj777133581561515085.png,-1
,obj777133993878356598.png,-1
,obj777134268756283440.png,-1
,obj777135299548416171.png,-1
,obj777135436987389761.png,-1
,obj777135711865297278.png,-1
,obj777136467779540072.png,-1
,obj777137498571694121.png,-1
,obj777137636010639248.png,-1
,obj777138872961224957.png,-1
,obj777139560155996697.png,-1
,obj777140178631287830.png,-1
,obj777140384789715201.png,-1
,obj777140659667629046.png,-1
,obj777140865826052534.png,-1
,obj777141140703959697.png,-1
,obj777142789971396184.png,-1
,obj777142927410351266.png,-1
,obj777143958202505534.png,-1
,obj777144164360935771.png,-1
,obj777146157225762611.png,-1
,obj777146157225763677.png,-1
,obj777147531615294017.png,-1
,obj777147737773723676.png,-1
,obj777148356249020861.png,-1
,obj777149593199601849.png,-1
,obj777149799358031822.png,-1
,obj777150349113845056.png,-1
,obj777151517344948996.png,-1
,obj777153716368199809.png,-1
,obj777153716368201430.png,-1
,obj777154197404536528.png,-1
,obj777154266124013510.png,-1
,obj777155228196668942.png,-1
,obj777155228196687519.png,-1
,obj777155228196689230.png,-1
,obj777155296916165325.png,-1
,obj777155571794071427.png,-1
,obj777156258988838523.png,-1
,obj777157495939418884.png,-1
,obj777158389292616206.png,-1
,obj777158732890004256.png,-1
,obj777159007767910150.png,-1
,obj777160657035350949.png,-1
,obj777160725754826030.png,-1
,obj777160725754826032.png,-1
,obj777161069352205255.png,-1
,obj777161206791161124.png,-1
,obj777161344230118583.png,-1
,obj777161344230120583.png,-1
,obj777161756546976027.png,-1
,obj777161825266453768.png,-1
,obj777161893985930445.png,-1
,obj777162031424886657.png,-1
,obj777162100144360268.png,-1
,obj777162512461218747.png,-1
,obj777162581180694274.png,-1
,obj777163130936509096.png,-1
,obj777163268375462491.png,-1
,obj777164505326043349.png,-1
,obj777165192520811219.png,-1
,obj777165673557132030.png,-1
,obj777166773068779781.png,-1
,obj777167666421976729.png,-1
,obj777168284897264244.png,-1
,obj777168628494646853.png,-1
,obj777168972092033962.png,-1
,obj777169109530984513.png,-1
,obj777169453128367209.png,-1
,obj777169453128368819.png,-1
,obj777169728006278535.png,-1
,obj777169796725755272.png,-1
,obj777170140323136258.png,-1
,obj777170827517901178.png,-1
,obj777171171115285021.png,-1
,obj777171445993193262.png,-1
,obj777171445993193499.png,-1
,obj777171720871101801.png,-1
,obj777171789590577348.png,-1
,obj777171927029532387.png,-1
,obj777172339346391627.png,-1
,obj777173163980111691.png,-1
,obj777174881967034489.png,-1
,obj777175363003374530.png,-1
,obj777175431722852023.png,-1
,obj777175706600754722.png,-1
,obj777177149709766366.png,-1
,obj777177493307151849.png,-1
,obj777177836904534872.png,-1
,obj777177974343485177.png,-1
,obj777178524099297564.png,-1
,obj777178730257728577.png,-1
,obj777179211294066340.png,-1
,obj777179417452498125.png,-1
,obj777179761049880545.png,-1
,obj777179967208310775.png,-1
,obj777180585683604941.png,-1
,obj777181616475753906.png,-1
,obj777182441109481233.png,-1
,obj777184021657445295.png,-1
,obj777185189888546366.png,-1
,obj777185396046975727.png,-1
,obj777185464766452184.png,-1
,obj777185808363839145.png,-1
,obj777186426839126809.png,-1
,obj777186426839127806.png,-1
,obj777186564278080681.png,-1
,obj777187114033874399.png,-1
,obj777187114033895944.png,-1
,obj777187869948141336.png,-1
,obj777187869948141337.png,-1
,obj777188488423427234.png,-1
,obj777188488423427458.png,-1
,obj777188625862385361.png,-1
,obj777188763301338059.png,-1
,obj777189313057151267.png,-1
,obj777189381776627943.png,-1
,obj777189450496084174.png,-1
,obj777190000251916948.png,-1
,obj777190756166163705.png,-1
,obj777190893605118319.png,-1
,obj777190962324591075.png,-1
,obj777192749030987128.png,-1
,obj777192955189419893.png,-1
,obj777193023908900595.png,-1
,obj777194260859478832.png,-1
,obj777194398298429793.png,-1
,obj777195222932151354.png,-1
,obj777195497810058343.png,-1
,obj777195497810058344.png,-1
,obj777195772687964115.png,-1
,obj777195978846395121.png,-1
,obj777196185004824155.png,-1
,obj777196528602208429.png,-1
,obj777196734760635953.png,-1
,obj777197559394359943.png,-1
,obj777198040430694614.png,-1
,obj777198177869651900.png,-1
,obj777198177869651901.png,-1
,obj777198315308602180.png,-1
,obj777199827137088539.png,-1
,obj777199895856566106.png,-1
,obj777201338965582104.png,-1
,obj777201613843487205.png,-1
,obj777201682562959806.png,-1
,obj777201682562961800.png,-1
,obj777201820001915094.png,-1
,obj777202301038252958.png,-1
,obj777202438477208470.png,-1
,obj777202575916160746.png,-1
,obj777202919513543152.png,-1
,obj777203194391452446.png,-1
,obj777203469269357355.png,-1
,obj777203606708310336.png,-1
,obj777203744147267694.png,-1
,obj777204362622558125.png,-1
,obj777204843658892425.png,-1
,obj777206561645811204.png,-1
,obj777206836523717871.png,-1
,obj777206836523717873.png,-1
,obj777207042682147882.png,-1
,obj777207180121099432.png,-1
,obj777207523718483081.png,-1
,obj777208142193775691.png,-1
,obj777209791461217897.png,-1
,obj777210616094941804.png,-1
,obj777210753533892126.png,-1
,obj777211440728659676.png,-1
,obj777211715606567432.png,-1
,obj777212059203949540.png,-1
,obj777212952557151216.png,-1
,obj777215357738832781.png,-1
,obj777216388530984502.png,-1
,obj777219549626918317.png,-1
,obj777222160967031288.png,-1
,obj777223191759178921.png,-1
,obj777223397917609636.png,-1
,obj777224428709761404.png,-1
,obj777226421574586903.png,-1
,obj777227314927785250.png,-1
,obj777227383647265180.png,-1
,obj777229376512083256.png,-1
,obj777231163218479801.png,-1
,obj777231300657435073.png,-1
,obj777231919132724055.png,-1
,obj777233843278076227.png,-1
,obj777233843278076228.png,-1
,obj777234324314412564.png,-1
,obj777234393033886914.png,-1
,obj777234599192316935.png,-1
,obj777237760288227821.png,-1
,obj777239546994641759.png,-1
,obj777239615714099367.png,-1
,obj777240302908887599.png,-1
,obj777240852664700293.png,-1
,obj777240852664701575.png,-1
,obj777243464004819039.png,-1
,obj777243532724295635.png,-1
,obj777244907113828922.png,-1
,obj777245044552783315.png,-1
,obj777245044552784381.png,-1
,obj777245319430688570.png,-1
,obj777247999490283102.png,-1
,obj777249717477200774.png,-1
,obj777249854916153208.png,-1
,obj777250542110921105.png,-1
,obj777251779061506293.png,-1
,obj777251847780979341.png,-1
,obj777252466256274175.png,-1
,obj777254115523717933.png,-1
,obj777254665279529329.png,-1
,obj777256245827492063.png,-1
,obj777256314546970362.png,-1
,obj777257001741736163.png,-1
,obj777258651009157562.png,-1
,obj777258719728650545.png,-1
,obj777261193629814249.png,-1
,obj777262980336213318.png,-1
,obj777263530092023591.png,-1
,obj777265454237374664.png,-1
,obj777266485029521529.png,-1
,obj777266828626910951.png,-1
,obj777267515821675372.png,-1
,obj777268271735921757.png,-1
,obj777268615333300887.png,-1
,obj777268615333301778.png,-1
,obj777269302528050276.png,-1
,obj777270333320200749.png,-1
,obj777271707709752882.png,-1
,obj777272326185047947.png,-1
,obj777272944660333940.png,-1
,obj777273906733012594.png,-1
,obj777274525208302344.png,-1
,obj777274593927778569.png,-1
,obj777274800086208164.png,-1
,obj777274800086208165.png,-1
,obj777274800086210547.png,-1
,obj777274937525161449.png,-1
,obj777276449353632023.png,-1
,obj777278236060044323.png,-1
,obj777278236060044325.png,-1
,obj777278854535335864.png,-1
,obj777278991974286668.png,-1
,obj777278991974286669.png,-1
,obj777279060693747053.png,-1
,obj777279404291150296.png,-1
,obj777279541730083032.png,-1
,obj777280022766437073.png,-1
,obj777280916119635215.png,-1
,obj777281328436497188.png,-1
,obj777282084350741164.png,-1
,obj777282427948126002.png,-1
,obj777284145935043946.png,-1
,obj777284145935043987.png,-1
,obj777284420812951968.png,-1
,obj777284695690854496.png,-1
,obj777285657763531217.png,-1
,obj777286070080391026.png,-1
,obj777286207519345929.png,-1
,obj777286894714114433.png,-1
,obj777287307030972350.png,-1
,obj777287788067314547.png,-1
,obj777288062945215576.png,-1
,obj777288269103645385.png,-1
,obj777288269103646320.png,-1
,obj777288269103647159.png,-1
,obj777288337823125538.png,-1
,obj777289299895798883.png,-1
,obj777289780932136564.png,-1
,obj777289918371087169.png,-1
,obj777292598430681791.png,-1
,obj777292873308590511.png,-1
,obj777295141051302867.png,-1
,obj777295141051323791.png,-1
,obj777295141051323792.png,-1
,obj777296240562949520.png,-1
,obj777297133916147317.png,-1
,obj777298027269342422.png,-1
,obj777298508305681495.png,-1
,obj777299539097833432.png,-1
,obj777300707328918801.png,-1
,obj777300844767889556.png,-1
,obj777301257084751801.png,-1
,obj777301669401613731.png,-1
,obj777302494035331918.png,-1
,obj777302700193761870.png,-1
,obj777303043791145196.png,-1
,obj777303318669052565.png,-1
,obj777304074583297023.png,-1
,obj777305036655969309.png,-1
,obj777308747507715445.png,-1
,obj777312114762075255.png,-1
,obj777313214273699895.png,-1
,obj777313901468468331.png,-1
,obj777314588663239965.png,-1
,obj777317131283877089.png,-1
,obj777317681039691936.png,-1
,obj777318505673409869.png,-1
,obj777319261587658501.png,-1
,obj777321941647251326.png,-1
,obj777323453475734829.png,-1
,obj777333623958295600.png,-1
,obj777336578895792073.png,-1
,obj777341320539687301.png,-1
,obj777341870295498135.png,-1
,obj777353964923405439.png,-1
,obj777356644982997446.png,-1
,obj777358088092009957.png,-1
,obj778293428889873599.png,-1
,obj778294871998883038.png,-1
,obj778294940718356517.png,-1
,obj778295559193647622.png,-1
,obj778295559193647856.png,-1
,obj778297620777954214.png,-1
,obj778297689497421846.png,-1
,obj778298926448004361.png,-1
,obj778302293702370307.png,-1
,obj778305729676207401.png,-1
,obj778753986822955179.png,-1
,obj778762851635451894.png,-1
,obj778767868157253810.png,-1
,obj778768830229926382.png,-1
,obj778769036388354708.png,-1
,obj778770479497368039.png,-1
,obj778774602665973347.png,-1
,obj778775289860736117.png,-1
,obj778776732969754060.png,-1
,obj778779481748815632.png,-1
,obj778779550468295338.png,-1
,obj778782299247365421.png,-1
,obj778782574125271066.png,-1
,obj778783261320039765.png,-1
,obj778783811075853106.png,-1
,obj778785322904338753.png,-1
,obj778786628574398299.png,-1
,obj778789720950855136.png,-1
,obj778790064548239112.png,-1
,obj778790476865103718.png,-1
,obj778791164059866154.png,-1
,obj778792607168874874.png,-1
,obj778796111862193966.png,-1
,obj778796661618008829.png,-1
,obj778798654482832743.png,-1
,obj778798998080210611.png,-1
,obj778798998080210739.png,-1
,obj778799066799688069.png,-1
,obj778800922225559864.png,-1
,obj778800990945037985.png,-1
,obj778802296615098917.png,-1
,obj778802502773531014.png,-1
,obj778803739724112769.png,-1
,obj778804564357831732.png,-1
,obj778804907955217719.png,-1
,obj778807862892712037.png,-1
,obj778809306001726157.png,-1
,obj778809649599107245.png,-1
,obj778809649599107246.png,-1
,obj778809649599107247.png,-1
,obj778809649599108585.png,-1
,obj778809718318592006.png,-1
,obj778810061915971815.png,-1
,obj778810474232830689.png,-1
,obj778810542952309295.png,-1
,obj778810680391261047.png,-1
,obj778810955269169676.png,-1
,obj778811023988640902.png,-1
,obj778811161427596120.png,-1
,obj778811230147075358.png,-1
,obj778811298866550662.png,-1
,obj778811436305501417.png,-1
,obj778811711183390530.png,-1
,obj778811711183410799.png,-1
,obj778811848622360570.png,-1
,obj778812329658696661.png,-1
,obj778812535817133934.png,-1
,obj778813016853466663.png,-1
,obj778813016853467645.png,-1
,obj778814047645622240.png,-1
,obj778815147157246519.png,-1
,obj778815215876730860.png,-1
,obj778815284596199395.png,-1
,obj778815422035153637.png,-1
,obj778815834352012020.png,-1
,obj778816246668875698.png,-1
,obj778816658985734641.png,-1
,obj778816865144164991.png,-1
,obj778816865144166218.png,-1
,obj778816865144168289.png,-1
,obj778816933863649183.png,-1
,obj778816933863649994.png,-1
,obj778817483619455866.png,-1
,obj778817483619456222.png,-1
,obj778818033375271066.png,-1
,obj778818033375271077.png,-1
,obj778818170814223027.png,-1
,obj778818720570034475.png,-1
,obj778818789289513719.png,-1
,obj778818926728470523.png,-1
,obj778818995447944847.png,-1
,obj778819132886896063.png,-1
,obj778819201606374259.png,-1
,obj778819407764806811.png,-1
,obj778819476484282038.png,-1
,obj778819476484282629.png,-1
,obj778819476484284096.png,-1
,obj778819476484284657.png,-1
,obj778819476484285090.png,-1
,obj778819682642707051.png,-1
,obj778819957520619431.png,-1
,obj778820575995908454.png,-1
,obj778820713434863209.png,-1
,obj778820919593291209.png,-1
,obj778820919593291731.png,-1
,obj778821675507535753.png,-1
,obj778821812946490390.png,-1
,obj778821881665973637.png,-1
,obj778822087824398760.png,-1
,obj778822087824400073.png,-1
,obj778822225263356104.png,-1
,obj778822775019160344.png,-1
,obj778823393494452857.png,-1
,obj778823530933406361.png,-1
,obj778823874530792137.png,-1
,obj778823943250264281.png,-1
,obj778824905322939304.png,-1
,obj778825042761893989.png,-1
,obj778825248920324897.png,-1
,obj778825798676137220.png,-1
,obj778826485870906338.png,-1
,obj778826623309860490.png,-1
,obj778827173065674923.png,-1
,obj778827241785152251.png,-1
,obj778829853125266441.png,-1
,obj778829990564219252.png,-1
,obj778830609039512371.png,-1
,obj778830609039513765.png,-1
,obj778830609039513978.png,-1
,obj778830677758984628.png,-1
,obj778830746478463671.png,-1
,obj778831021356371247.png,-1
,obj778831227514803905.png,-1
,obj778831296234279059.png,-1
,obj778832052148524918.png,-1
,obj778832327026433576.png,-1
,obj778832464465383916.png,-1
,obj778832601904337811.png,-1
,obj778833220379628885.png,-1
,obj778833976293873822.png,-1
,obj778836381475562307.png,-1
,obj778836450195037340.png,-1
,obj778836999950848388.png,-1
,obj778837137389805142.png,-1
,obj778838511779339584.png,-1
,obj778838580498816636.png,-1
,obj778838580498816637.png,-1
,obj778839130254628387.png,-1
,obj778839198974106045.png,-1
,obj778839817449397180.png,-1
,obj778839886168872321.png,-1
,obj778839954888327453.png,-1
,obj778840642083115274.png,-1
,obj778842222631080375.png,-1
,obj778842841106372852.png,-1
,obj778844284215385877.png,-1
,obj778844421654339946.png,-1
,obj778844971410152482.png,-1
,obj778844971410155457.png,-1
,obj778846277080208899.png,-1
,obj778846414519162150.png,-1
,obj778846551958115740.png,-1
,obj778846620677592308.png,-1
,obj778847032994454975.png,-1
,obj778848613542416189.png,-1
,obj778849094578755660.png,-1
,obj778850881285149729.png,-1
,obj778853423905788747.png,-1
,obj778855416770616303.png,-1
,obj778855897806951901.png,-1
,obj778856103965380022.png,-1
,obj778856103965381546.png,-1
,obj778856585001716673.png,-1
,obj778858715305496922.png,-1
,obj778859746097645970.png,-1
,obj778860020975556060.png,-1
,obj778861257926135361.png,-1
,obj778861464084567010.png,-1
,obj778861464084569105.png,-1
,obj778861738962475763.png,-1
,obj778862701035150595.png,-1
,obj778863663107820954.png,-1
,obj778865655972650552.png,-1
,obj778867717556930195.png,-1
,obj778868336032242125.png,-1
,obj778869160665961930.png,-1
,obj778870535055494291.png,-1
,obj778871703286579443.png,-1
,obj778873283834566948.png,-1
,obj778874314626720804.png,-1
,obj778874520785149190.png,-1
,obj778876444930495937.png,-1
,obj778878231636887716.png,-1
,obj778881736330202297.png,-1
,obj778882148647065222.png,-1
,obj778883316878167397.png,-1
,obj778883866633980787.png,-1
,obj778885515901424979.png,-1
,obj778887233888342769.png,-1
,obj778887989802585639.png,-1
,obj778889295472645669.png,-1
,obj778889639070025093.png,-1
,obj778896442298228089.png,-1
,obj778896717176130928.png,-1
,obj778898022846190330.png,-1
,obj778899259796768604.png,-1
,obj778900221869444924.png,-1
,obj778900428027874602.png,-1
,obj778900428027875468.png,-1
,obj778900771625261322.png,-1
,obj778901252661596796.png,-1
,obj778901458820028230.png,-1
,obj778903176806947432.png,-1
,obj778903451684855155.png,-1
,obj778904688635433565.png,-1
,obj778904826074386310.png,-1
,obj778905788147065769.png,-1
,obj778905856866540758.png,-1
,obj778906887658670262.png,-1
,obj778907093817125649.png,-1
,obj778907574853457383.png,-1
,obj778908468206634926.png,-1
,obj778908674365081372.png,-1
,obj778909292840372680.png,-1
,obj778909292840373750.png,-1
,obj778909361559831552.png,-1
,obj778910392352000356.png,-1
,obj778910529790954545.png,-1
,obj778910873388319327.png,-1
,obj778911216985719819.png,-1
,obj778912247777878371.png,-1
,obj778912797533688291.png,-1
,obj778912866253169285.png,-1
,obj778913690886891761.png,-1
,obj778914171923220122.png,-1
,obj778914446801127832.png,-1
,obj778914721679035364.png,-1
,obj778915133995896558.png,-1
,obj778915615032232159.png,-1
,obj778915683751708202.png,-1
,obj778916370946473857.png,-1
,obj778916508385432580.png,-1
,obj778916508385432581.png,-1
,obj778916851982816506.png,-1
,obj778917126860720687.png,-1
,obj778917264299674423.png,-1
,obj778917264299674425.png,-1
,obj778917951494443177.png,-1
,obj778918226372348357.png,-1
,obj778918638689211201.png,-1
,obj778918844847641115.png,-1
,obj778919669481365433.png,-1
,obj778920287956651926.png,-1
,obj778920356676129101.png,-1
,obj778921181309849355.png,-1
,obj778921456187757238.png,-1
,obj778921662346188255.png,-1
,obj778923380333105678.png,-1
,obj778923998808396095.png,-1
,obj778927091184848617.png,-1
,obj778928809171770672.png,-1
,obj778929221488628136.png,-1
,obj778929633805468469.png,-1
,obj778929839963918507.png,-1
,obj778929977402872280.png,-1
,obj778930046122345226.png,-1
,obj778931076914500362.png,-1
,obj778931283072930030.png,-1
,obj778931557950835533.png,-1
,obj778933001059846382.png,-1
,obj778933825693566291.png,-1
,obj778933963132520923.png,-1
,obj778935337522055793.png,-1
,obj778935818558393755.png,-1
,obj778935887277870575.png,-1
,obj778936299594729772.png,-1
,obj778937811423218469.png,-1
,obj778937948862173636.png,-1
,obj778938017581649759.png,-1
,obj778938155020604029.png,-1
,obj778938361179032427.png,-1
,obj778938979654321417.png,-1
,obj778939941726996408.png,-1
,obj778940766360718626.png,-1
,obj778940972519148239.png,-1
,obj778942003311282724.png,-1
,obj778943790017696144.png,-1
,obj778943858737170969.png,-1
,obj778944064895584594.png,-1
,obj778944064895601984.png,-1
,obj778944064895602196.png,-1
,obj778944339773506521.png,-1
,obj778944477212444963.png,-1
,obj778944958248798101.png,-1
,obj778945026968275731.png,-1
,obj778945370565661905.png,-1
,obj778945851601995943.png,-1
,obj778945920321473214.png,-1
,obj778947707027869890.png,-1
,obj778948462942093902.png,-1
,obj778948600381067026.png,-1
,obj778949493734264365.png,-1
,obj778951761476996741.png,-1
,obj778954029219732322.png,-1
,obj778954647695018788.png,-1
,obj778954647695018789.png,-1
,obj778954647695019116.png,-1
,obj778954922572925103.png,-1
,obj778954922572925358.png,-1
,obj778956777998778610.png,-1
,obj778957808790950359.png,-1
,obj778960557570020529.png,-1
,obj778961657081643518.png,-1
,obj778962412995888147.png,-1
,obj778963168910134354.png,-1
,obj778965780250248870.png,-1
,obj778968597748796800.png,-1
,obj778970109577283685.png,-1
,obj778972927075837776.png,-1
,obj778973682990075219.png,-1
,obj778975675854903502.png,-1
,obj778975950732809671.png,-1
,obj778976156891240861.png,-1
,obj778976294330189751.png,-1
,obj778978355914491910.png,-1
,obj778982479083101441.png,-1
,obj778983097558389180.png,-1
,obj778984471947925613.png,-1
,obj778984471947928205.png,-1
,obj778985571459549822.png,-1
,obj778986258654322504.png,-1
,obj778987014568557682.png,-1
,obj778989969506042643.png,-1
,obj778992099809840382.png,-1
,obj778992580846176314.png,-1
,obj778993199321466920.png,-1
,obj778993886516235469.png,-1
,obj778993955235710375.png,-1
,obj778998147123791451.png,-1
,obj778999246635424758.png,-1
,obj779000002549669117.png,-1
,obj779000139988619888.png,-1
,obj779000758463909878.png,-1
,obj779000827183387695.png,-1
,obj779000827183388328.png,-1
,obj779008936081638075.png,-1
,obj779011959738599356.png,-1
,obj779016014187740472.png,-1
,obj779957402299550853.png,-1
,obj780452251251527846.png,-1
,obj780459123199205779.png,-1
,obj780459260638154454.png,-1
,obj780460016552397393.png,-1
,obj780466201305306363.png,-1
,obj780468812645420053.png,-1
,obj780473829167226079.png,-1
,obj780475066117804600.png,-1
,obj780475409715194392.png,-1
,obj780477333860535553.png,-1
,obj780479189286411031.png,-1
,obj780479464164317809.png,-1
,obj780479464164317810.png,-1
,obj780479601603279134.png,-1
,obj780479739042224386.png,-1
,obj780480082639609136.png,-1
,obj780480220078565267.png,-1
,obj780480838553851221.png,-1
,obj780481044712283320.png,-1
,obj780481113431761359.png,-1
,obj780481113431765065.png,-1
,obj780481800626524149.png,-1
,obj780482281662863388.png,-1
,obj780482487821289021.png,-1
,obj780482487821289023.png,-1
,obj780482968857635252.png,-1
,obj780484137088730212.png,-1
,obj780485374039312640.png,-1
,obj780486336111990983.png,-1
,obj780486679709368586.png,-1
,obj780487092026232943.png,-1
,obj780487366904139870.png,-1
,obj780487779221000463.png,-1
,obj780488191537865050.png,-1
,obj780488397696289775.png,-1
,obj780488603854729258.png,-1
,obj780488672574197821.png,-1
,obj780489359768963974.png,-1
,obj780489772085825758.png,-1
,obj780490390561113583.png,-1
,obj780490665439024761.png,-1
,obj780491215194836024.png,-1
,obj780491283914313737.png,-1
,obj780491833670128385.png,-1
,obj780492727023326526.png,-1
,obj780493276779144393.png,-1
,obj780493345498617377.png,-1
,obj780494238851812025.png,-1
,obj780494651168674384.png,-1
,obj780494651168675317.png,-1
,obj780494719888155150.png,-1
,obj780494719888155865.png,-1
,obj780494788607628387.png,-1
,obj780495338363438659.png,-1
,obj780495681960826094.png,-1
,obj780495681960828638.png,-1
,obj780495888119262823.png,-1
,obj780496025558215149.png,-1
,obj780496094277686800.png,-1
,obj780497056350341800.png,-1
,obj780497606106174444.png,-1
,obj780497606106174445.png,-1
,obj780497812264601940.png,-1
,obj780498362020418750.png,-1
,obj780498705617804936.png,-1
,obj780499186654137821.png,-1
,obj780499598971003512.png,-1
,obj780500354885249454.png,-1
,obj780501866713732451.png,-1
,obj780501935433207218.png,-1
,obj780502347750071982.png,-1
,obj780503034944836864.png,-1
,obj780503515981171615.png,-1
,obj780503859578558240.png,-1
,obj780504065736990372.png,-1
,obj780504065736991980.png,-1
,obj780504134456465641.png,-1
,obj780504409334373573.png,-1
,obj780505646284950323.png,-1
,obj780507020674486958.png,-1
,obj780507158113441571.png,-1
,obj780507432991326359.png,-1
,obj780510181770414855.png,-1
,obj780510731526232972.png,-1
,obj780511556159951967.png,-1
,obj780511762318387731.png,-1
,obj780511968476812685.png,-1
,obj780514304939026425.png,-1
,obj780515679328558802.png,-1
,obj780516847559657400.png,-1
,obj780517397315472244.png,-1
,obj780517809632336154.png,-1
,obj780517947071287683.png,-1
,obj780520420972449839.png,-1
,obj780522482556753837.png,-1
,obj780524544141052612.png,-1
,obj780527224200649272.png,-1
,obj780529972979716737.png,-1
,obj780529972979717768.png,-1
,obj780530797613435467.png,-1
,obj780532446880882110.png,-1
,obj780533271514600763.png,-1
,obj780539593706459154.png,-1
,obj780540761937562521.png,-1
,obj780540761937563572.png,-1
,obj780542686082916538.png,-1
,obj780542823521868248.png,-1
,obj780542892241344549.png,-1
,obj780544678947737480.png,-1
,obj780545022545121979.png,-1
,obj780547633885237611.png,-1
,obj780548389799483805.png,-1
,obj780548389799483944.png,-1
,obj780548458518956205.png,-1
,obj780550520103258539.png,-1
,obj780550726261691872.png,-1
,obj780550726261691873.png,-1
,obj780550726261694435.png,-1
,obj780551069859082322.png,-1
,obj780552306809657939.png,-1
,obj780555193027679531.png,-1
,obj780555399186107699.png,-1
,obj780556086380878749.png,-1
,obj780557460770409016.png,-1
,obj780558285404129344.png,-1
,obj780559316196263736.png,-1
,obj780560003391048417.png,-1
,obj780562958328550017.png,-1
,obj780563851681747469.png,-1
,obj780564126559654447.png,-1
,obj780564195279133641.png,-1
,obj780565432229713236.png,-1
,obj780571685702092876.png,-1
,obj780571754421569390.png,-1
,obj780571960579983340.png,-1
,obj780572579055273160.png,-1
,obj780572647774766101.png,-1
,obj780573472408490054.png,-1
,obj780573678566900034.png,-1
,obj780573816005873272.png,-1
,obj780574090883780633.png,-1
,obj780574434481161510.png,-1
,obj780575740151224132.png,-1
,obj780576977101803217.png,-1
,obj780577595577094334.png,-1
,obj780577664296570791.png,-1
,obj780578007893952402.png,-1
,obj780578695088701580.png,-1
,obj780578763808200871.png,-1
,obj780578832527678881.png,-1
,obj780579382283491280.png,-1
,obj780579863319826650.png,-1
,obj780579932039305740.png,-1
,obj780580481795119148.png,-1
,obj780580962831458019.png,-1
,obj780581375148312515.png,-1
,obj780581993623606066.png,-1
,obj780582955696278763.png,-1
,obj780583230574186115.png,-1
,obj780583505452073752.png,-1
,obj780583642891044815.png,-1
,obj780584055207907026.png,-1
,obj780584604963720932.png,-1
,obj780585635755873201.png,-1
,obj780585841914306817.png,-1
,obj780586254231143406.png,-1
,obj780587697340173773.png,-1
,obj780587766059647517.png,-1
,obj780587766059649456.png,-1
,obj780588453254415731.png,-1
,obj780588796851803199.png,-1
,obj780589552766046420.png,-1
,obj780589758924478323.png,-1
,obj780590102521861087.png,-1
,obj780590308680288274.png,-1
,obj780590789716628065.png,-1
,obj780590927155581574.png,-1
,obj780591683069824605.png,-1
,obj780591683069826676.png,-1
,obj780591889228252307.png,-1
,obj780593607215171715.png,-1
,obj780595393921548858.png,-1
,obj780595668799481491.png,-1
,obj780596562152671987.png,-1
,obj780597180627962467.png,-1
,obj780597661664304081.png,-1
,obj780597730383758634.png,-1
,obj780597867822729866.png,-1
,obj780597936542206908.png,-1
,obj780598348859071000.png,-1
,obj780600135565463662.png,-1
,obj780600616601799205.png,-1
,obj780600616601800260.png,-1
,obj780601578674472017.png,-1
,obj780602472027673937.png,-1
,obj780602540747149214.png,-1
,obj780603227941916100.png,-1
,obj780603571539299580.png,-1
,obj780603708978254860.png,-1
,obj780604121295114157.png,-1
,obj780605220806737675.png,-1
,obj780605289526215339.png,-1
,obj780605908001506758.png,-1
,obj780605908001507336.png,-1
,obj780607007513133731.png,-1
,obj780607351110521468.png,-1
,obj780612024034918882.png,-1
,obj780612092754397556.png,-1
,obj780612161473890133.png,-1
,obj780613535863424911.png,-1
,obj780616559520401307.png,-1
,obj780617521593078757.png,-1
,obj780617590312551327.png,-1
,obj780619102141041324.png,-1
,obj780619995494238015.png,-1
,obj780620407811098669.png,-1
,obj780620476530574253.png,-1
,obj780621713481140956.png,-1
,obj780622057078539241.png,-1
,obj780622263236972166.png,-1
,obj780631471646856094.png,-1
,obj780632021402665895.png,-1
,obj780634082986972391.png,-1
,obj780635251218055756.png,-1
,obj780635869693347780.png,-1
,obj780638962069799842.png,-1
,obj780638962069799859.png,-1
,obj780640405178831498.png,-1
,obj780641023654121076.png,-1
,obj780647414565455889.png,-1
,obj780647483284934335.png,-1
,obj780647620723890453.png,-1
,obj780649063832902034.png,-1
,obj780649613588712755.png,-1
,obj780649682308195227.png,-1
,obj780653599318361807.png,-1
,obj780653805476793100.png,-1
,obj780654217793653557.png,-1
,obj780654767549468104.png,-1
,obj780655179866328229.png,-1
,obj780655386024760568.png,-1
,obj780655935780574017.png,-1
,obj780656073219528615.png,-1
,obj780656279377954573.png,-1
,obj780659234315457571.png,-1
,obj780660471266038090.png,-1
,obj780661295899740128.png,-1
,obj780661914375049932.png,-1
,obj780662051814002003.png,-1
,obj780662876447703348.png,-1
,obj780663151325627258.png,-1
,obj780666381141036592.png,-1
,obj780666999616327345.png,-1
,obj780666999616328836.png,-1
,obj780668992481153857.png,-1
,obj780669679675921558.png,-1
,obj780670298151211834.png,-1
,obj780675039795104155.png,-1
,obj780675039795104156.png,-1
,obj780675177234054741.png,-1
,obj780676276745682006.png,-1
,obj780676276745682093.png,-1
,obj780677651135215710.png,-1
,obj780683354851786244.png,-1
,obj780683835888125262.png,-1
,obj782142338062379785.png,-1
,obj782148728973710530.png,-1
,obj782148866412663011.png,-1
,obj782149141290568031.png,-1
,obj782149347448997332.png,-1
,obj782149347448997627.png,-1
,obj782149416168474991.png,-1
,obj782149553607434580.png,-1
,obj782149759765857119.png,-1
,obj782150034643766733.png,-1
,obj782150034643767892.png,-1
,obj782150103363242708.png,-1
,obj782150172082718611.png,-1
,obj782150172082718614.png,-1
,obj782150446960626105.png,-1
,obj782150790558008047.png,-1
,obj782152233667020085.png,-1
,obj782152920861793722.png,-1
,obj782153058300737374.png,-1
,obj782153539337082225.png,-1
,obj782153608056555050.png,-1
,obj782156219396676834.png,-1
,obj782156906591441654.png,-1
,obj782157318908299091.png,-1
,obj782157387627776661.png,-1
,obj782157593786211602.png,-1
,obj782157731225164049.png,-1
,obj782157799944639553.png,-1
,obj782157868664115016.png,-1
,obj782158006103067674.png,-1
,obj782158349700452996.png,-1
,obj782158349700453384.png,-1
,obj782158349700453385.png,-1
,obj782158624578356184.png,-1
,obj782158762017315388.png,-1
,obj782158899456268853.png,-1
,obj782159036895221264.png,-1
,obj782159311773126449.png,-1
,obj782159311773126450.png,-1
,obj782160342565274538.png,-1
,obj782160686162657429.png,-1
,obj782160686162658639.png,-1
,obj782160961040570516.png,-1
,obj782162129271669404.png,-1
,obj782162816466442691.png,-1
,obj782163160063826977.png,-1
,obj782163160063826980.png,-1
,obj782163228783300357.png,-1
,obj782163366222256313.png,-1
,obj782165152928652836.png,-1
,obj782165496526034703.png,-1
,obj782166115001325733.png,-1
,obj782167626829818211.png,-1
,obj782167695549289735.png,-1
,obj782175941886501206.png,-1
,obj782176285483882902.png,-1
,obj782178621946090531.png,-1
,obj782178621946090532.png,-1
,obj782180614810918903.png,-1
,obj782180683530394378.png,-1
,obj782180683530396147.png,-1
,obj782180820969350659.png,-1
,obj782181302005682251.png,-1
,obj782186043649577002.png,-1
,obj782187967794922954.png,-1
,obj782191197610331231.png,-1
,obj782191335049290198.png,-1
,obj782192503280391511.png,-1
,obj782193740230951093.png,-1
,obj782194633584165387.png,-1
,obj782195526937366449.png,-1
,obj782195939254223992.png,-1
,obj782195939254226080.png,-1
,obj782197588521671691.png,-1
,obj782198206996958331.png,-1
,obj782198206996961583.png,-1
,obj782198688033294125.png,-1
,obj782199581386473666.png,-1
,obj782199993703352799.png,-1
,obj782200062422831416.png,-1
,obj782201161934463062.png,-1
,obj782202330165563722.png,-1
,obj782202330165563723.png,-1
,obj782203292238234514.png,-1
,obj782204529188820300.png,-1
,obj782205216383584781.png,-1
,obj782205491261493722.png,-1
,obj782206590773102079.png,-1
,obj782206934370506970.png,-1
,obj782208240040562293.png,-1
,obj782208377479513870.png,-1
,obj782208514918465569.png,-1
,obj782210645222229808.png,-1
,obj782212157050717785.png,-1
,obj782212225770214196.png,-1
,obj782213119123411131.png,-1
,obj782213394001319058.png,-1
,obj782214218635040914.png,-1
,obj782214905829808021.png,-1
,obj782215455585600297.png,-1
,obj782215593024574202.png,-1
,obj782216074060909872.png,-1
,obj782216211499845816.png,-1
,obj782217104853058577.png,-1
,obj782217104853059080.png,-1
,obj782217723328334827.png,-1
,obj782217929486764170.png,-1
,obj782219097717889306.png,-1
,obj782219166437369415.png,-1
,obj782219784912662115.png,-1
,obj782221502899570687.png,-1
,obj782221983935913548.png,-1
,obj782222052655387122.png,-1
,obj782222052655387123.png,-1
,obj782222327533294282.png,-1
,obj782222327533296760.png,-1
,obj782223152167013864.png,-1
,obj782223220886472546.png,-1
,obj782223289605970590.png,-1
,obj782223358325445385.png,-1
,obj782223976800715093.png,-1
,obj782225763507128675.png,-1
,obj782226107104512025.png,-1
,obj782228306127768103.png,-1
,obj782228581005678152.png,-1
,obj782229062042013910.png,-1
,obj782229336919922700.png,-1
,obj782229543078351903.png,-1
,obj782230230273098042.png,-1
,obj782231604662657134.png,-1
,obj782232223137945493.png,-1
,obj782232704174281459.png,-1
,obj782233322649573745.png,-1
,obj782235590392305837.png,-1
,obj782236621184456538.png,-1
,obj782237239659745339.png,-1
,obj782238751488214682.png,-1
,obj782239026366143581.png,-1
,obj782239369963522037.png,-1
,obj782239369963523670.png,-1
,obj782239988438812792.png,-1
,obj782240194597226841.png,-1
,obj782240469475152546.png,-1
,obj782240606914110156.png,-1
,obj782241431547825845.png,-1
,obj782241637706256684.png,-1
,obj782242805937363323.png,-1
,obj782243561851603699.png,-1
,obj782243630571062597.png,-1
,obj782243974168468085.png,-1
,obj782244180326896525.png,-1
,obj782244386485325100.png,-1
,obj782245348558000154.png,-1
,obj782246379350149717.png,-1
,obj782246516789103774.png,-1
,obj782246929105962171.png,-1
,obj782248028617592666.png,-1
,obj782248509653929616.png,-1
,obj782249128129219557.png,-1
,obj782249128129219560.png,-1
,obj782249196848698036.png,-1
,obj782249952762921997.png,-1
,obj782250777396665027.png,-1
,obj782250846116139715.png,-1
,obj782253526175734274.png,-1
,obj782254694406816371.png,-1
,obj782254763126311085.png,-1
,obj782254969284740118.png,-1
,obj782257030869042137.png,-1
,obj782257099588522112.png,-1
,obj782257099588522115.png,-1
,obj782258130380670948.png,-1
,obj782261497635034286.png,-1
,obj782262872024565691.png,-1
,obj782263215621950068.png,-1
,obj782263353060901184.png,-1
,obj782264383853053488.png,-1
,obj782264383853055586.png,-1
,obj782264864889390489.png,-1
,obj782265552084159763.png,-1
,obj782265826962067010.png,-1
,obj782266376717881105.png,-1
,obj782266582876311461.png,-1
,obj782267957265843610.png,-1
,obj782268300863225432.png,-1
,obj782273248665552985.png,-1
,obj782275241530378026.png,-1
,obj782275791286196120.png,-1
,obj782275860005667704.png,-1
,obj782276753358867986.png,-1
,obj782280739088515679.png,-1
,obj782280807807995275.png,-1
,obj782283212989677818.png,-1
,obj782290565973673722.png,-1
,obj782293795789100291.png,-1
,obj782293864508557156.png,-1
,obj782294689142294132.png,-1
,obj782295376337065101.png,-1
,obj782295651214972947.png,-1
,obj782295994812335297.png,-1
,obj782297437921347498.png,-1
,obj782297506640843203.png,-1
,obj782297987677177576.png,-1
,obj782298193835608410.png,-1
,obj782298537432993497.png,-1
,obj782300942614660611.png,-1
,obj782301354931541864.png,-1
,obj782301629809448468.png,-1
,obj782302179565264875.png,-1
,obj782302317004210079.png,-1
,obj782302385723688812.png,-1
,obj782303966271652598.png,-1
,obj782304309869019468.png,-1
,obj782304859624833620.png,-1
,obj782305615539102928.png,-1
,obj782308020720784634.png,-1
,obj782309188951887799.png,-1
,obj782310563341421284.png,-1
,obj782310632060897560.png,-1
,obj782311800292001928.png,-1
,obj782312143889389267.png,-1
,obj782312212608844254.png,-1
,obj782312212608862515.png,-1
,obj782312556206246676.png,-1
,obj782312624925724226.png,-1
,obj782312968523107567.png,-1
,obj782314068034737911.png,-1
,obj782314274193146050.png,-1
,obj782314342912649980.png,-1
,obj782314617790530457.png,-1
,obj782315373704795704.png,-1
,obj782316610655374217.png,-1
,obj782318672239676006.png,-1
,obj782318740959154240.png,-1
,obj782322176932990115.png,-1
,obj782322932847239227.png,-1
,obj782324101078340761.png,-1
,obj782324238517296752.png,-1
,obj782324307236776282.png,-1
,obj782325612906830498.png,-1
,obj782325750345782690.png,-1
,obj782325750345783296.png,-1
,obj782325887784736203.png,-1
,obj782325956504220608.png,-1
,obj782326368821073086.png,-1
,obj782327262174267424.png,-1
,obj782330698148105773.png,-1
,obj782332691012938206.png,-1
,obj782332691012938207.png,-1
,obj782336470584148270.png,-1
,obj782342105581241620.png,-1
,obj782357842341414488.png,-1
,obj783813045980773225.png,-1
,obj783827751948801095.png,-1
,obj783832631031654312.png,-1
,obj783844038464788588.png,-1
,obj783845687732230648.png,-1
,obj783846512365948236.png,-1
,obj783847611877574066.png,-1
,obj783847749316531797.png,-1
,obj783847749316532412.png,-1
,obj783848505230776945.png,-1
,obj783848711389202468.png,-1
,obj783849261145017740.png,-1
,obj783850223217691003.png,-1
,obj783850704254030821.png,-1
,obj783851528887749500.png,-1
,obj783853178155173938.png,-1
,obj783853384313619843.png,-1
,obj783856820287457280.png,-1
,obj783856820287457647.png,-1
,obj783857919799085206.png,-1
,obj783858469554900917.png,-1
,obj783860806017110958.png,-1
,obj783862867601393242.png,-1
,obj783864791746760689.png,-1
,obj783865066624667275.png,-1
,obj783865272783098215.png,-1
,obj783865410222051417.png,-1
,obj783866441014205796.png,-1
,obj783866922050543538.png,-1
,obj783867403086874464.png,-1
,obj783868708756932772.png,-1
,obj783870220585422411.png,-1
,obj783871182658077456.png,-1
,obj783871526255478668.png,-1
,obj783871526255478669.png,-1
,obj783871732413908543.png,-1
,obj783872488328153556.png,-1
,obj783872763206060197.png,-1
,obj783872900645013522.png,-1
,obj783873244242398962.png,-1
,obj783874206315073490.png,-1
,obj783874343754023755.png,-1
,obj783874893509840301.png,-1
,obj783875099668271713.png,-1
,obj783875168387748662.png,-1
,obj783875168387748663.png,-1
,obj783875580704606943.png,-1
,obj783876267899375222.png,-1
,obj783876267899375255.png,-1
,obj783876267899376316.png,-1
,obj783877161252554895.png,-1
,obj783877642288910709.png,-1
,obj783878398203134213.png,-1
,obj783878673081041447.png,-1
,obj783879291556350906.png,-1
,obj783879841312146360.png,-1
,obj783881009543274509.png,-1
,obj783881078262746931.png,-1
,obj783881284421158464.png,-1
,obj783881490579605307.png,-1
,obj783881559299066163.png,-1
,obj783881834176989480.png,-1
,obj783881834176991349.png,-1
,obj783881902896470136.png,-1
,obj783882246493852538.png,-1
,obj783882933688619047.png,-1
,obj783883139847048670.png,-1
,obj783883208566526327.png,-1
,obj783883758322341282.png,-1
,obj783884033200245127.png,-1
,obj783884101919704693.png,-1
,obj783884101919722153.png,-1
,obj783884239358682088.png,-1
,obj783884720395012194.png,-1
,obj783885270150826392.png,-1
,obj783885545028734756.png,-1
,obj783886026065071547.png,-1
,obj783886644540361225.png,-1
,obj783887881490949328.png,-1
,obj783888637405190329.png,-1
,obj783889324599956243.png,-1
,obj783889324599957877.png,-1
,obj783890149233658042.png,-1
,obj783890905147919807.png,-1
,obj783891042586853867.png,-1
,obj783892073379007492.png,-1
,obj783892142098504260.png,-1
,obj783893447768558539.png,-1
,obj783893653926990836.png,-1
,obj783895646791818683.png,-1
,obj783895784230769856.png,-1
,obj783895784230771382.png,-1
,obj783896265267105935.png,-1
,obj783896333986583472.png,-1
,obj783896540145015849.png,-1
,obj783896677583971283.png,-1
,obj783897777095595392.png,-1
,obj783898533009838196.png,-1
,obj783898533009838197.png,-1
,obj783898601729318630.png,-1
,obj783898876607221295.png,-1
,obj783898945326702033.png,-1
,obj783899014046175126.png,-1
,obj783899082765632536.png,-1
,obj783899288924083510.png,-1
,obj783899357643564019.png,-1
,obj783899976118854853.png,-1
,obj783900113557801710.png,-1
,obj783901487947319732.png,-1
,obj783901694105769279.png,-1
,obj783902518739487790.png,-1
,obj783902931056349750.png,-1
,obj783903068495303935.png,-1
,obj783903274653734179.png,-1
,obj783903343373210276.png,-1
,obj783903480812145784.png,-1
,obj783903824409546597.png,-1
,obj783903824409546984.png,-1
,obj783903893129025412.png,-1
,obj783904030567983548.png,-1
,obj783904168006911991.png,-1
,obj783904442884837785.png,-1
,obj783904717762749685.png,-1
,obj783904992640656563.png,-1
,obj783905198799083034.png,-1
,obj783906504469139362.png,-1
,obj783906916785997471.png,-1
,obj783906985505475421.png,-1
,obj783907191663907728.png,-1
,obj783908222456039692.png,-1
,obj783908222456063470.png,-1
,obj783908772211872606.png,-1
,obj783908909650826229.png,-1
,obj783909528126098380.png,-1
,obj783910146601407473.png,-1
,obj783910765076698044.png,-1
,obj783910971235128419.png,-1
,obj783910971235131242.png,-1
,obj783912757941522551.png,-1
,obj783913170258381253.png,-1
,obj783913857453147683.png,-1
,obj783915231842688938.png,-1
,obj783915506720590986.png,-1
,obj783915781598500371.png,-1
,obj783916881110123119.png,-1
,obj783918942694428492.png,-1
,obj783920660681342941.png,-1
,obj783922035070881984.png,-1
,obj783922584826694188.png,-1
,obj783922722265647274.png,-1
,obj783923753057799387.png,-1
,obj783923890496751425.png,-1
,obj783924440252568588.png,-1
,obj783924508972043530.png,-1
,obj783924577691520698.png,-1
,obj783926158239483458.png,-1
,obj783929594213321723.png,-1
,obj783929731652275738.png,-1
,obj783933098906634702.png,-1
,obj783934267137738578.png,-1
,obj783935023051981313.png,-1
,obj783937084636284733.png,-1
,obj783937703111558475.png,-1
,obj783938459025818915.png,-1
,obj783940589329598144.png,-1
,obj783940589329598813.png,-1
,obj783940658049075372.png,-1
,obj783942444755471118.png,-1
,obj783944437620296958.png,-1
,obj783945812009829887.png,-1
,obj783947048960408779.png,-1
,obj783948011033084402.png,-1
,obj783949591581051771.png,-1
,obj783950141336864746.png,-1
,obj783951240848492689.png,-1
,obj783951309567969680.png,-1
,obj783952340360123584.png,-1
,obj783953371152272992.png,-1
,obj783953783469128417.png,-1
,obj783955089139173317.png,-1
,obj783955638895002558.png,-1
,obj783957013284538010.png,-1
,obj783957150723492222.png,-1
,obj783957700479310513.png,-1
,obj783957837918260283.png,-1
,obj783958181515643642.png,-1
,obj783958937429889428.png,-1
,obj783960586697331664.png,-1
,obj783965328341205164.png,-1
,obj783966771450234905.png,-1
,obj783967046328143434.png,-1
,obj783967252486554392.png,-1
,obj783967939681322837.png,-1
,obj783970894618841235.png,-1
,obj783971100777279662.png,-1
,obj783971581813607145.png,-1
,obj783971856691519295.png,-1
,obj783972269008374874.png,-1
,obj783973643397911227.png,-1
,obj783974055714771375.png,-1
,obj783974536751090022.png,-1
,obj783975498823782680.png,-1
,obj783977079371753277.png,-1
,obj783978178883375569.png,-1
,obj783978866078142508.png,-1
,obj783979072236579223.png,-1
,obj783980790223489835.png,-1
,obj783986562659518669.png,-1
,obj783989586316510052.png,-1
,obj783989586316510054.png,-1
,obj784003398931317465.png,-1
,obj785510898092493833.png,-1
,obj785515914614293250.png,-1
,obj785516739248018644.png,-1
,obj785525466621559807.png,-1
,obj785525604060516551.png,-1
,obj785526222535802176.png,-1
,obj785526222535803043.png,-1
,obj785526291255283066.png,-1
,obj785527596925338245.png,-1
,obj785530483143364106.png,-1
,obj785530689301793404.png,-1
,obj785530826740746912.png,-1
,obj785531376496559768.png,-1
,obj785531445216035907.png,-1
,obj785532201130281096.png,-1
,obj785532544727668850.png,-1
,obj785532682166614953.png,-1
,obj785533438080862020.png,-1
,obj785534193995103778.png,-1
,obj785534468873013637.png,-1
,obj785534881189871488.png,-1
,obj785534881189872268.png,-1
,obj785535224787255845.png,-1
,obj785535430945686174.png,-1
,obj785535705823591291.png,-1
,obj785536118140451202.png,-1
,obj785537148932609591.png,-1
,obj785537629968947368.png,-1
,obj785538866919526659.png,-1
,obj785539828992200959.png,-1
,obj785539966431153459.png,-1
,obj785540035150630760.png,-1
,obj785540447467492942.png,-1
,obj785540653625922700.png,-1
,obj785540859784350374.png,-1
,obj785541546979122142.png,-1
,obj785541821857023996.png,-1
,obj785542028015452928.png,-1
,obj785542028015455377.png,-1
,obj785542028015455378.png,-1
,obj785542096734933881.png,-1
,obj785542165454411592.png,-1
,obj785542440332312929.png,-1
,obj785544570636091385.png,-1
,obj785545326550335182.png,-1
,obj785545601428249143.png,-1
,obj785545945025628146.png,-1
,obj785547044537257646.png,-1
,obj785547456854117035.png,-1
,obj785548006609929689.png,-1
,obj785548075329410783.png,-1
,obj785548144048887417.png,-1
,obj785548144048888609.png,-1
,obj785548556365747626.png,-1
,obj785550205633188249.png,-1
,obj785551442583749785.png,-1
,obj785551511303246918.png,-1
,obj785552061059058772.png,-1
,obj785552404656441735.png,-1
,obj785552610814875018.png,-1
,obj785552679534353649.png,-1
,obj785552748253828524.png,-1
,obj785552885692778409.png,-1
,obj785553023131732131.png,-1
,obj785553435448594904.png,-1
,obj785553847765435412.png,-1
,obj785553847765455624.png,-1
,obj785553916484935365.png,-1
,obj785553916484935366.png,-1
,obj785554191362840603.png,-1
,obj785554534960224362.png,-1
,obj785554672399179556.png,-1
,obj785554878557610102.png,-1
,obj785555222154989391.png,-1
,obj785555290874466068.png,-1
,obj785555978069236592.png,-1
,obj785555978069236593.png,-1
,obj785556046788709068.png,-1
,obj785556046788710041.png,-1
,obj785556184227672455.png,-1
,obj785556459105569883.png,-1
,obj785556665263997943.png,-1
,obj785556802702955218.png,-1
,obj785556802702955219.png,-1
,obj785556802702955220.png,-1
,obj785557077580843701.png,-1
,obj785557077580862238.png,-1
,obj785558039653537561.png,-1
,obj785558245811966491.png,-1
,obj785558383250920111.png,-1
,obj785558589409352585.png,-1
,obj785558726848303424.png,-1
,obj785559001726211702.png,-1
,obj785559688920978419.png,-1
,obj785559895079409192.png,-1
,obj785559963798887295.png,-1
,obj785560925871557190.png,-1
,obj785560925871557837.png,-1
,obj785562368980551435.png,-1
,obj785562781297430671.png,-1
,obj785562850016913700.png,-1
,obj785563949528541100.png,-1
,obj785564911601209717.png,-1
,obj785564980320691411.png,-1
,obj785565049040163638.png,-1
,obj785565117759638811.png,-1
,obj785565392637549993.png,-1
,obj785565530076498402.png,-1
,obj785565736234934225.png,-1
,obj785566560868651999.png,-1
,obj785566560868654627.png,-1
,obj785568210136073920.png,-1
,obj785568416294522725.png,-1
,obj785568897330862199.png,-1
,obj785569309647724336.png,-1
,obj785569584525625402.png,-1
,obj785569653245100954.png,-1
,obj785569790684055931.png,-1
,obj785570546598299728.png,-1
,obj785571852268340437.png,-1
,obj785571989707315801.png,-1
,obj785572333304697882.png,-1
,obj785572402024173886.png,-1
,obj785572539463132473.png,-1
,obj785573295377368914.png,-1
,obj785573707694233985.png,-1
,obj785573776413706678.png,-1
,obj785574051291613083.png,-1
,obj785575219522722756.png,-1
,obj785575425681148200.png,-1
,obj785576044156437558.png,-1
,obj785576044156438255.png,-1
,obj785576044156439617.png,-1
,obj785576181595374191.png,-1
,obj785577762143358310.png,-1
,obj785578655496561247.png,-1
,obj785579686288708183.png,-1
,obj785580373483473557.png,-1
,obj785581747873009910.png,-1
,obj785582228909347676.png,-1
,obj785582366348300706.png,-1
,obj785582435067776358.png,-1
,obj785582847384637361.png,-1
,obj785587589028530776.png,-1
,obj785592124513994048.png,-1
,obj785592949147720181.png,-1
,obj785593017867195846.png,-1
,obj785593086586671030.png,-1
,obj785593842500913603.png,-1
,obj785593979939849830.png,-1
,obj785594598415159081.png,-1
,obj785596178963123053.png,-1
,obj785596385121552888.png,-1
,obj785598034388992099.png,-1
,obj785599202620101799.png,-1
,obj785599271339577381.png,-1
,obj785600439570680225.png,-1
,obj785600714448587771.png,-1
,obj785603463227654509.png,-1
,obj785603875544518669.png,-1
,obj785604425300312275.png,-1
,obj785607517676782384.png,-1
,obj785607723835213135.png,-1
,obj785608479749441232.png,-1
,obj785617344561958157.png,-1
,obj785617963037230935.png,-1
,obj785621192852657167.png,-1
,obj785622361083741302.png,-1
,obj785623598034338988.png,-1
,obj785624010351200413.png,-1
,obj785624010351201033.png,-1
,obj785624353948584278.png,-1
,obj785627102727636966.png,-1
,obj785627240166606471.png,-1
,obj785630126384631837.png,-1
,obj785631157176781874.png,-1
,obj785631500774167139.png,-1
,obj785632256688391213.png,-1
,obj785633150041610854.png,-1
,obj785637204490732569.png,-1
,obj785637548088100017.png,-1
,obj785637548088118435.png,-1
,obj785638235282887383.png,-1
,obj785640090708760981.png,-1
,obj785644076438409700.png,-1
,obj785647649851199591.png,-1
,obj785648543204398927.png,-1
,obj785649230399165615.png,-1
,obj785650948386080791.png,-1
,obj785651429422418654.png,-1
,obj785652941250906578.png,-1
,obj785653628445673807.png,-1
,obj785654521798871120.png,-1
,obj785663524050325154.png,-1
,obj785664761000888198.png,-1
,obj785678573615726518.png,-1
,obj786342060163622041.png,-1
,obj786342060163622042.png,-1
,obj786343846870007822.png,-1
,obj786344053028451642.png,-1
,obj786346045893277945.png,-1
,obj786346458210132603.png,-1
,obj786350924976108552.png,-1
,obj786351749609839217.png,-1
,obj786351887048796812.png,-1
,obj787199747952755049.png,-1
,obj787199747952755051.png,-1
,obj787200710025427272.png,-1
,obj787200916183866792.png,-1
,obj787201191061767821.png,-1
,obj787201191061768857.png,-1
,obj787201534659151865.png,-1
,obj787202084414948911.png,-1
,obj787202084414963345.png,-1
,obj787202084414963373.png,-1
,obj787202496731828148.png,-1
,obj787202634170779430.png,-1
,obj787203321365546153.png,-1
,obj787204352157679899.png,-1
,obj787204420877176878.png,-1
,obj787205176791421718.png,-1
,obj787205176791422736.png,-1
,obj787205245510893925.png,-1
,obj787206551180957710.png,-1
,obj787206688619909299.png,-1
,obj787207307095200850.png,-1
,obj787207375814677503.png,-1
,obj787207994289969671.png,-1
,obj787207994289969673.png,-1
,obj787208200448377289.png,-1
,obj787208200448398245.png,-1
,obj787208681484733421.png,-1
,obj787209231240551485.png,-1
,obj787209849715819281.png,-1
,obj787209918435317545.png,-1
,obj787210055874267830.png,-1
,obj787210124593745940.png,-1
,obj787210193313222649.png,-1
,obj787210193313223154.png,-1
,obj787210536910607200.png,-1
,obj787210674349559790.png,-1
,obj787210880507986921.png,-1
,obj787211430263799080.png,-1
,obj787211430263799083.png,-1
,obj787211430263799158.png,-1
,obj787211498983279171.png,-1
,obj787211498983279550.png,-1
,obj787211705141716254.png,-1
,obj787211705141716936.png,-1
,obj787211705141716938.png,-1
,obj787212048739093171.png,-1
,obj787212117458577662.png,-1
,obj787212117458578893.png,-1
,obj787212254897521655.png,-1
,obj787212254897521656.png,-1
,obj787212254897521657.png,-1
,obj787212254897521658.png,-1
,obj787212323616997939.png,-1
,obj787212392336476902.png,-1
,obj787212461055949613.png,-1
,obj787212529775432760.png,-1
,obj787212598494907121.png,-1
,obj787213698006540016.png,-1
,obj787214041603919965.png,-1
,obj787214041603919968.png,-1
,obj787214110323396322.png,-1
,obj787214247762350272.png,-1
,obj787214316481807930.png,-1
,obj787214453920785330.png,-1
,obj787214522640261119.png,-1
,obj787214797518165537.png,-1
,obj787215003676596846.png,-1
,obj787215347273981545.png,-1
,obj787215347273981855.png,-1
,obj787215622151884891.png,-1
,obj787216103188220763.png,-1
,obj787216378066134593.png,-1
,obj787217065260894946.png,-1
,obj787217683736184714.png,-1
,obj787218370930952365.png,-1
,obj787218577089382978.png,-1
,obj787220501234738846.png,-1
,obj787220638673690497.png,-1
,obj787220844832115814.png,-1
,obj787221325868454506.png,-1
,obj787221325868454507.png,-1
,obj787224212086457999.png,-1
,obj787224349525429306.png,-1
,obj787225036720196220.png,-1
,obj787225517756544011.png,-1
,obj787227785499246852.png,-1
,obj787227785499269717.png,-1
,obj787227922938222683.png,-1
,obj787229228608276803.png,-1
,obj787229503486185513.png,-1
,obj787230259400430845.png,-1
,obj787230328119905628.png,-1
,obj787232114826300003.png,-1
,obj787232320984729318.png,-1
,obj787233695374264121.png,-1
,obj787233901532699019.png,-1
,obj787234245130080126.png,-1
,obj787234726166414455.png,-1
,obj787236719031239053.png,-1
,obj787236719031239055.png,-1
,obj787237200067583707.png,-1
,obj787237337506530920.png,-1
,obj787238505737634777.png,-1
,obj787238780615541046.png,-1
,obj787239124212928766.png,-1
,obj787239742688218599.png,-1
,obj787240429882983580.png,-1
,obj787241254516705536.png,-1
,obj787241529394612853.png,-1
,obj787242628906241752.png,-1
,obj787242766345193681.png,-1
,obj787243522259434964.png,-1
,obj787243659698387928.png,-1
,obj787243865856819985.png,-1
,obj787244003295777273.png,-1
,obj787244278173679156.png,-1
,obj787245996160599825.png,-1
,obj787246820794318666.png,-1
,obj787247026952751214.png,-1
,obj787248744939668927.png,-1
,obj787248744939670441.png,-1
,obj787249088537052202.png,-1
,obj787249569573391021.png,-1
,obj787250394207109491.png,-1
,obj787250875243448044.png,-1
,obj787253417864085885.png,-1
,obj787254036339360480.png,-1
,obj787255273289962461.png,-1
,obj787255548167864480.png,-1
,obj787257266154783661.png,-1
,obj787262145237617031.png,-1
,obj787263244749258971.png,-1
,obj787264962736180093.png,-1
,obj787264962736181566.png,-1
,obj787265924808853520.png,-1
,obj787269360782690882.png,-1
,obj787269498221645945.png,-1
,obj787271972122790013.png,-1
,obj787272590598098263.png,-1
,obj787272796756529002.png,-1
,obj787275201938213711.png,-1
,obj787275614255075418.png,-1
,obj787276301449842369.png,-1
,obj787276782486175787.png,-1
,obj787279118948370354.png,-1
,obj787279943582109658.png,-1
,obj787280287179490870.png,-1
,obj787280355898968045.png,-1
,obj787280699496349057.png,-1
,obj787281455410594541.png,-1
,obj787282898519606623.png,-1
,obj787284479067571408.png,-1
,obj787285028823385754.png,-1
,obj787285441140247936.png,-1
,obj787286265773951396.png,-1
,obj787287227846642256.png,-1
,obj787287640163484685.png,-1
,obj787289701747804759.png,-1
,obj787291213576276528.png,-1
,obj787292313087924924.png,-1
,obj787293412599530570.png,-1
,obj787294099794315485.png,-1
,obj787294305952746492.png,-1
,obj787294305952746719.png,-1
,obj787294443391698490.png,-1
,obj787294855708560787.png,-1
,obj787295542903323409.png,-1
,obj787300696864082964.png,-1
,obj787301384058850535.png,-1
,obj787301384058850819.png,-1
,obj787301384058851384.png,-1
,obj787303926679489618.png,-1
,obj787305094910595027.png,-1
,obj787305507227453752.png,-1
,obj787306125702745511.png,-1
,obj787306194422220392.png,-1
,obj787310248871331388.png,-1
,obj787311210944022810.png,-1
,obj787312035577743837.png,-1
,obj787312654053037873.png,-1
,obj787313409967260162.png,-1
,obj787315265393154730.png,-1
,obj787315402832108801.png,-1
,obj787315677710011706.png,-1
,obj787315883868443654.png,-1
,obj787317326977449299.png,-1
,obj787317326977449493.png,-1
,obj787317464416410381.png,-1
,obj787319113683847751.png,-1
,obj787320144476004832.png,-1
,obj787322274779759028.png,-1
,obj787323924047217490.png,-1
,obj788005896134358347.png,-1
,obj788006033573308424.png,-1
,obj788013592715751814.png,-1
,obj788015035824764533.png,-1
,obj788022938564559111.png,-1
,obj788869493798488850.png,-1
,obj788869493798488851.png,-1
,obj788869493798488852.png,-1
,obj788869493798488853.png,-1
,obj788869562517947915.png,-1
,obj788869699956919591.png,-1
,obj788869768676395176.png,-1
,obj788869768676395179.png,-1
,obj788869974834823854.png,-1
,obj788869974834823855.png,-1
,obj788870180993253188.png,-1
,obj788870387151683046.png,-1
,obj788870387151683614.png,-1
,obj788870387151683615.png,-1
,obj788870524590640218.png,-1
,obj788870799468546410.png,-1
,obj788870799468546413.png,-1
,obj788871143065928776.png,-1
,obj788877052940930453.png,-1
,obj788877396538311104.png,-1
,obj788878564769399577.png,-1
,obj788878977086277022.png,-1
,obj788879183244709169.png,-1
,obj788880007878410598.png,-1
,obj788883100254881755.png,-1
,obj788883100254882493.png,-1
,obj788885024400232212.png,-1
,obj788885505436570058.png,-1
,obj788885849033951270.png,-1
,obj788886192631335207.png,-1
,obj788886398789765272.png,-1
,obj788886673667674271.png,-1
,obj788886742387150098.png,-1
,obj788887498301398072.png,-1
,obj788888735251969921.png,-1
,obj788889491166200248.png,-1
,obj788891071714182713.png,-1
,obj788895675919121743.png,-1
,obj788898424698192537.png,-1
,obj788898424698192538.png,-1
,obj788899180612440630.png,-1
,obj788900142685110159.png,-1
,obj788900623721447012.png,-1
,obj788900761160402137.png,-1
,obj788901242196740565.png,-1
,obj788904815609531065.png,-1
,obj788905846401677676.png,-1
,obj788909007497607509.png,-1
,obj788909076217087144.png,-1
,obj788909488533947449.png,-1
,obj788911412679294244.png,-1
,obj788914092738888246.png,-1
,obj788914230177840553.png,-1
,obj788914367616793564.png,-1
,obj788914367616793565.png,-1
,obj788914367616793566.png,-1
,obj788915673286854172.png,-1
,obj788921445722898602.png,-1
,obj788923438587724185.png,-1
,obj788925500172027918.png,-1
,obj788925568891504755.png,-1
,obj788926118647316580.png,-1
,obj788926256086270968.png,-1
,obj788926256086270969.png,-1
,obj788927836634219870.png,-1
,obj788927974073191412.png,-1
,obj788931066449626010.png,-1
,obj788931753644412760.png,-1
,obj788932234680750603.png,-1
,obj788932715717086515.png,-1
,obj788934364984525984.png,-1
,obj788934777301383910.png,-1
,obj788935670654583066.png,-1
,obj788938969189466843.png,-1
,obj788940549737431808.png,-1
,obj788941099493248879.png,-1
,obj788941717968536763.png,-1
,obj788945841137139640.png,-1
,obj788945978576093738.png,-1
,obj788946940648751817.png,-1
,obj788947627843535097.png,-1
,obj788947902721447240.png,-1
,obj788948864794121147.png,-1
,obj788949620708360962.png,-1
,obj788951063817357172.png,-1
,obj788951476134216022.png,-1
,obj788951888451097292.png,-1
,obj788951957170554698.png,-1
,obj788952094609525006.png,-1
,obj788953743876965646.png,-1
,obj788953743876965648.png,-1
,obj788955049547026316.png,-1
,obj788960203507780790.png,-1
,obj788962883567355931.png,-1
,obj788963158445281818.png,-1
,obj788964670273770624.png,-1
,obj788965288749040586.png,-1
,obj788967831369697357.png,-1
,obj788968312406034961.png,-1
,obj788969411917662680.png,-1
,obj788970717587723702.png,-1
,obj788971542221439272.png,-1
,obj788973466366792637.png,-1
,obj788973809964175840.png,-1
,obj788973878683652999.png,-1
,obj788974978195277444.png,-1
,obj788978345449642262.png,-1
,obj788981162948179455.png,-1
,obj788981643984503505.png,-1
,obj788981712703995008.png,-1
,obj788981918862426313.png,-1
,obj788987691298473604.png,-1
,obj788988928249054628.png,-1
,obj789666708448114750.png,-1
,obj789667464362353670.png,-1
,obj789667601801282953.png,-1
,obj789667601801301208.png,-1
,obj789668151557125186.png,-1
,obj789668220276594211.png,-1
,obj789668907471340414.png,-1
,obj789675229663229458.png,-1
,obj789676397894333961.png,-1
,obj789836308116692467.png,-1
,obj789837064030937346.png,-1
,obj789837132750413924.png,-1
,obj789837545067266270.png,-1
,obj789841668235875218.png,-1
,obj789842492869590066.png,-1
,obj789843042625415124.png,-1
,obj789844623173377455.png,-1
,obj789844623173378049.png,-1
,obj789851220243141228.png,-1
,obj790568307982877822.png,-1
,obj790577447673266329.png,-1
,obj790582395475608115.png,-1
,obj790588786386947162.png,-1
,obj790589817179096311.png,-1
,obj790592978275009621.png,-1
,obj790593115713978348.png,-1
,obj790593321872408936.png,-1
,obj790596001932006753.png,-1
,obj790601843087523719.png,-1
,obj790605347780837000.png,-1
,obj790608027840433484.png,-1
,obj790608852474155626.png,-1
,obj790609539668920449.png,-1
,obj790610158144210333.png,-1
,obj790613113081710646.png,-1
,obj790615105946519817.png,-1
,obj790620878382582862.png,-1
,obj790621290699439632.png,-1
,obj790621771735778522.png,-1
,obj790625757465433896.png,-1
,obj790626238501765242.png,-1
,obj790628712402913095.png,-1
,obj790630361670369238.png,-1
,obj790631117584614575.png,-1
,obj790633660205257166.png,-1
,obj790634003802636424.png,-1
,obj790634141241591314.png,-1
,obj790636340264843452.png,-1
,obj790637096179090126.png,-1
,obj790639089043915292.png,-1
,obj790639707519207098.png,-1
,obj790640394713976060.png,-1
,obj790641150628222958.png,-1
,obj790642868615141854.png,-1
,obj790643487090410677.png,-1
,obj790661354154378400.png,-1
,obj790661697751764625.png,-1
,obj791487637142652759.png,-1
,obj791488324337423650.png,-1
,obj791489148971139119.png,-1
,obj791489698726958043.png,-1
,obj791490592080147793.png,-1
,obj791491210555444643.png,-1
,obj791491897750217375.png,-1
,obj791492653664465933.png,-1
,obj791493340859222380.png,-1
,obj791498700978412604.png,-1
,obj791499594331612045.png,-1
,obj791499800490040792.png,-1
,obj791503717500214934.png,-1
,obj791503717500216500.png,-1
,obj791505366767656188.png,-1
,obj791510108411555896.png,-1
,obj791512101276374771.png,-1
,obj791513819263293961.png,-1
,obj791514025421725233.png,-1
,obj792247262238487584.png,-1
,obj792249048944870418.png,-1
,obj792251316687619743.png,-1
,obj792259563024827474.png,-1
,obj792265266741395096.png,-1
,obj792265885216682763.png,-1
,obj792267809362034309.png,-1
,obj792272413566959982.png,-1
,obj792272482286455079.png,-1
,obj792273306920173703.png,-1
,obj792273375639649866.png,-1
,obj792275849540813403.png,-1
,obj792279010636727227.png,-1
,obj792282446610576439.png,-1
,obj792283546122207766.png,-1
,obj792283821000113871.png,-1
,obj792283821000114586.png,-1
,obj792287256973953027.png,-1
,obj792288287766102187.png,-1
,obj792292410934707275.png,-1
,obj792293716604763129.png,-1
,obj792294541238482574.png,-1
,obj792295915628021657.png,-1
,obj792296121786452581.png,-1
,obj792296190505911323.png,-1
,obj792296534103312751.png,-1
,obj792297152578584786.png,-1
,obj792299557760286271.png,-1
,obj792304436843135045.png,-1
,obj792335772924525349.png,-1
,obj793150992077055776.png,-1
,obj793151610552344094.png,-1
,obj793151679271817784.png,-1
,obj793151816710767925.png,-1
,obj793151816710768365.png,-1
,obj793152366466589127.png,-1
,obj793152435186064787.png,-1
,obj793152435186065887.png,-1
,obj793152503905537621.png,-1
,obj793152503905537744.png,-1
,obj793152984941876055.png,-1
,obj793153053661357593.png,-1
,obj793153191100299390.png,-1
,obj793153191100299486.png,-1
,obj793153328539265087.png,-1
,obj793154084453512147.png,-1
,obj793158619938967457.png,-1
,obj793159994328509216.png,-1
,obj793160956401184949.png,-1
,obj793161162559616330.png,-1
,obj793161712315420757.png,-1
,obj793162811827050684.png,-1
,obj793167553470943721.png,-1
,obj793173394626464941.png,-1
,obj793173806943328597.png,-1
,obj793174150540715268.png,-1
,obj793174494138096455.png,-1
,obj793175387491295490.png,-1
,obj793914121866197002.png,-1
,obj793922230764450752.png,-1
,obj793929033992649551.png,-1
,obj793929721187416928.png,-1
,obj793930202223751705.png,-1
,obj793930683260090762.png,-1
,obj793934531550793915.png,-1
,obj793941747095831382.png,-1
,obj793954666357458517.png,-1
,obj793955490991198816.png,-1
,obj793959064403968735.png,-1
,obj793972877018808124.png,-1
,obj794807749941675425.png,-1
,obj794808368416967634.png,-1
,obj794808505855917788.png,-1
,obj794808918172783617.png,-1
,obj794809124331192623.png,-1
,obj794810223842842891.png,-1
,obj794811598232378969.png,-1
,obj794812285427142763.png,-1
,obj794814415730923784.png,-1
,obj794815171645169310.png,-1
,obj794816477315223957.png,-1
,obj794817164509992723.png,-1
,obj794817576826851214.png,-1
,obj794817645546329980.png,-1
,obj794818813777437652.png,-1
,obj794819363533246200.png,-1
,obj794820463044885032.png,-1
,obj794823417982374453.png,-1
,obj794823967738193009.png,-1
,obj794825067249819153.png,-1
,obj794825135969293823.png,-1
,obj794827816028895198.png,-1
,obj794828503223654555.png,-1
,obj794829602735283503.png,-1
,obj794830977124823791.png,-1
,obj794831045844299647.png,-1
,obj794831114563777467.png,-1
,obj794831183283246464.png,-1
,obj794831595600108247.png,-1
,obj794831733039070292.png,-1
,obj794832282794877191.png,-1
,obj794832420233831815.png,-1
,obj794833244867558041.png,-1
,obj794834000781795759.png,-1
,obj795584554906695574.png,-1
,obj795595756181403913.png,-1
,obj795602421970633461.png,-1
,obj795614447879075003.png,-1
,obj795623037813667713.png,-1
,obj796462995977827553.png,-1
,obj796464095489446799.png,-1
,obj796464164208914137.png,-1
,obj796464645245262769.png,-1
,obj796465676037414349.png,-1
,obj796465813476370598.png,-1
,obj796470074083929056.png,-1
,obj796472754143517776.png,-1
,obj796472960301950064.png,-1
,obj796473235179853673.png,-1
,obj796473578777237625.png,-1
,obj796474197252526377.png,-1
,obj796474265972002997.png,-1
,obj796474540849900516.png,-1
,obj796474609569385132.png,-1
,obj796474953166770859.png,-1
,obj796475021886244692.png,-1
,obj796475021886244693.png,-1
,obj796477633226368484.png,-1
,obj796478457860091110.png,-1
,obj796479007615901255.png,-1
,obj797254369471906596.png,-1
